run_id,task_dir,task_number,task_id,status,agent_type,agent_subtype,repository,duration_s,returncode,time_to_first_edit_s,commit_count,patch_size_loc,changed_files_count,violations_count,success,instant_edit,clean_success,pathological
sglang_claude_sonnet45-c0645fb7,sglang_025_62757db6,0,sglang_core,success,trae,TRAE-Bedrock,SGLang,564.6798243522644,0,0.0025670528411865234,2,81.0,5,1,True,True,False,False
sglang_claude_sonnet45-c0645fb7,sglang_074_e88dd482,0,sglang_core,success,trae,TRAE-Bedrock,SGLang,150.88203406333923,0,0.0025281906127929688,1,30.0,1,0,True,True,True,False
sglang_claude_sonnet45-c0645fb7,sglang_003_132dad87,0,sglang_core,success,trae,TRAE-Bedrock,SGLang,306.12043356895447,0,0.0027227401733398438,1,29.0,1,0,True,True,True,False
sglang_claude_sonnet45-c0645fb7,sglang_037_880221bd,0,sglang_core,success,trae,TRAE-Bedrock,SGLang,248.20037388801575,0,0.0028586387634277344,1,58.0,1,0,True,True,True,False
sglang_claude_sonnet45-c0645fb7,sglang_036_86a876d8,0,sglang_core,success,trae,TRAE-Bedrock,SGLang,207.74265694618225,0,0.002795696258544922,2,60.0,5,1,True,True,False,False
sglang_claude_sonnet45-c0645fb7,sglang_044_9c064bf7,0,sglang_core,success,trae,TRAE-Bedrock,SGLang,678.0491263866425,0,0.002592802047729492,2,90.0,3,0,True,True,False,False
sglang_claude_sonnet45-c0645fb7,sglang_035_7ce36068,0,sglang_core,success,trae,TRAE-Bedrock,SGLang,388.6345989704132,0,135.37050342559814,1,63.0,1,0,True,False,True,False
sglang_claude_sonnet45-c0645fb7,sglang_005_187b85b7,0,sglang_core,success,trae,TRAE-Bedrock,SGLang,560.9155807495117,0,0.002870321273803711,2,85.0,3,0,True,True,False,False
sglang_claude_sonnet45-c0645fb7,sglang_060_c2bd094d,0,sglang_core,success,trae,TRAE-Bedrock,SGLang,172.86861753463745,0,0.002566099166870117,1,33.0,3,0,True,True,True,False
sglang_claude_sonnet45-c0645fb7,sglang_071_e3ec6bf4,0,sglang_core,success,trae,TRAE-Bedrock,SGLang,196.8761706352234,0,0.002760648727416992,1,46.0,1,0,True,True,True,False
sglang_claude_sonnet45-c0645fb7,sglang_043_93470a14,0,sglang_core,success,trae,TRAE-Bedrock,SGLang,775.1609618663788,0,0.002704143524169922,2,100.0,1,0,True,True,False,False
sglang_claude_sonnet45-c0645fb7,sglang_046_9c745d07,0,sglang_core,success,trae,TRAE-Bedrock,SGLang,887.8338296413422,0,0.002153158187866211,2,71.0,4,0,True,True,False,False
sglang_claude_sonnet45-c0645fb7,sglang_011_25e1816e,0,sglang_core,success,trae,TRAE-Bedrock,SGLang,554.800849199295,0,0.002836465835571289,2,38.0,2,0,True,True,False,False
sglang_claude_sonnet45-c0645fb7,sglang_000_021f76e4,0,sglang_core,success,trae,TRAE-Bedrock,SGLang,653.3365035057068,0,0.0029239654541015625,2,39.0,2,0,True,True,False,False
sglang_claude_sonnet45-c0645fb7,sglang_006_1acca3a2,0,sglang_core,success,trae,TRAE-Bedrock,SGLang,216.52013516426086,0,0.0028891563415527344,1,44.0,1,0,True,True,True,False
sglang_claude_sonnet45-c0645fb7,sglang_009_23c764b1,0,sglang_core,success,trae,TRAE-Bedrock,SGLang,209.48673582077026,0,0.002526521682739258,1,16.0,4,0,True,True,True,False
sglang_claude_sonnet45-c0645fb7,sglang_041_9183c23e,0,sglang_core,error,trae,TRAE-Bedrock,SGLang,513.8477902412415,0,0.00255584716796875,0,47.0,0,0,False,True,False,False
sglang_claude_sonnet45-c0645fb7,sglang_072_e5db40dc,0,sglang_core,success,trae,TRAE-Bedrock,SGLang,138.92700695991516,0,0.0022537708282470703,1,35.0,1,0,True,True,True,False
sglang_claude_sonnet45-c0645fb7,sglang_031_6f560c76,0,sglang_core,success,trae,TRAE-Bedrock,SGLang,493.89892578125,0,0.0027213096618652344,1,12.0,1,0,True,True,True,False
sglang_claude_sonnet45-c0645fb7,sglang_047_a191a0e4,0,sglang_core,success,trae,TRAE-Bedrock,SGLang,420.65709114074707,0,0.002778291702270508,2,42.0,2,1,True,True,False,False
sglang_claude_sonnet45-c0645fb7,sglang_061_c2f212d6,0,sglang_core,success,trae,TRAE-Bedrock,SGLang,164.87844586372375,0,0.002337217330932617,1,76.0,1,0,True,True,True,False
sglang_claude_sonnet45-c0645fb7,sglang_039_912788c0,0,sglang_core,success,trae,TRAE-Bedrock,SGLang,226.89814376831055,0,0.0028870105743408203,1,15.0,1,0,True,True,True,False
sglang_claude_sonnet45-c0645fb7,sglang_004_148254d4,0,sglang_core,success,trae,TRAE-Bedrock,SGLang,627.2286124229431,0,0.0022878646850585938,1,30.0,2,0,True,True,True,False
sglang_claude_sonnet45-c0645fb7,sglang_028_6b7038ba,0,sglang_core,success,trae,TRAE-Bedrock,SGLang,651.5866811275482,0,0.002905607223510742,1,24.0,1,0,True,True,True,False
sglang_claude_sonnet45-c0645fb7,sglang_079_ff00895c,0,sglang_core,error,trae,TRAE-Bedrock,SGLang,173.92424082756042,0,,0,,0,0,False,False,False,False
sglang_claude_sonnet45-c0645fb7,sglang_049_a73c4df4,0,sglang_core,success,trae,TRAE-Bedrock,SGLang,457.60718178749084,0,0.002207040786743164,2,1284.0,21,1,True,True,False,False
sglang_claude_sonnet45-c0645fb7,sglang_030_6e2da515,0,sglang_core,success,trae,TRAE-Bedrock,SGLang,261.86470437049866,0,0.0025568008422851562,2,40.0,5,1,True,True,False,False
sglang_claude_sonnet45-c0645fb7,sglang_066_dc188132,0,sglang_core,success,trae,TRAE-Bedrock,SGLang,145.93627214431763,0,0.0023348331451416016,1,20.0,2,0,True,True,True,False
sglang_claude_sonnet45-c0645fb7,sglang_022_5239d795,0,sglang_core,success,trae,TRAE-Bedrock,SGLang,191.50545454025269,0,0.0026297569274902344,1,24.0,1,0,True,True,True,False
sglang_claude_sonnet45-c0645fb7,sglang_033_73b13e69,0,sglang_core,success,trae,TRAE-Bedrock,SGLang,564.2012052536011,0,0.0027365684509277344,2,126.0,1,0,True,True,False,False
sglang_claude_sonnet45-c0645fb7,sglang_021_4418f599,0,sglang_core,success,trae,TRAE-Bedrock,SGLang,479.3359217643738,0,0.0027256011962890625,1,37.0,1,0,True,True,True,False
sglang_claude_sonnet45-c0645fb7,sglang_065_da47621c,0,sglang_core,success,trae,TRAE-Bedrock,SGLang,202.91428518295288,0,0.00276947021484375,2,40.0,2,1,True,True,False,False
sglang_claude_sonnet45-c0645fb7,sglang_024_5e023301,0,sglang_core,success,trae,TRAE-Bedrock,SGLang,626.2265160083771,0,0.0023033618927001953,2,167.0,2,0,True,True,False,False
sglang_claude_sonnet45-c0645fb7,sglang_008_205d5cb4,0,sglang_core,success,trae,TRAE-Bedrock,SGLang,195.23017263412476,0,0.002254962921142578,2,36.0,2,1,True,True,False,False
sglang_claude_sonnet45-c0645fb7,sglang_076_f06e90c2,0,sglang_core,success,trae,TRAE-Bedrock,SGLang,156.89749789237976,0,0.002537250518798828,1,96.0,4,0,True,True,True,False
sglang_claude_sonnet45-c0645fb7,sglang_013_2854a5ea,0,sglang_core,success,trae,TRAE-Bedrock,SGLang,277.3467061519623,0,0.002718210220336914,1,29.0,5,0,True,True,True,False
sglang_claude_sonnet45-c0645fb7,sglang_062_c98e84c2,0,sglang_core,error,trae,TRAE-Bedrock,SGLang,192.8951289653778,0,,0,34.0,0,0,False,False,False,False
sglang_claude_sonnet45-c0645fb7,sglang_027_6b231325,0,sglang_core,error,trae,TRAE-Bedrock,SGLang,252.4944155216217,0,0.0027375221252441406,0,68.0,0,0,False,True,False,False
sglang_claude_sonnet45-c0645fb7,sglang_017_2ed68d7a,0,sglang_core,success,trae,TRAE-Bedrock,SGLang,228.67339038848877,0,0.002671957015991211,1,65.0,2,0,True,True,True,False
sglang_claude_sonnet45-c0645fb7,sglang_019_31589e17,0,sglang_core,success,trae,TRAE-Bedrock,SGLang,576.2141377925873,0,0.0026025772094726562,1,49.0,2,0,True,True,True,False
sglang_claude_sonnet45-c0645fb7,sglang_057_bb3a3b66,0,sglang_core,success,trae,TRAE-Bedrock,SGLang,172.90680718421936,0,0.002900838851928711,2,36.0,3,1,True,True,False,False
sglang_claude_sonnet45-c0645fb7,sglang_075_f0653886,0,sglang_core,success,trae,TRAE-Bedrock,SGLang,208.88367581367493,0,0.0021719932556152344,1,9.0,4,1,True,True,False,False
sglang_claude_sonnet45-c0645fb7,sglang_051_ab4a83b2,0,sglang_core,success,trae,TRAE-Bedrock,SGLang,641.825127363205,0,0.0024743080139160156,1,42.0,2,0,True,True,True,False
sglang_claude_sonnet45-c0645fb7,sglang_077_f0815419,0,sglang_core,error,trae,TRAE-Bedrock,SGLang,159.89857506752014,0,,0,,0,0,False,False,False,False
sglang_claude_sonnet45-c0645fb7,sglang_007_1bf1cf19,0,sglang_core,success,trae,TRAE-Bedrock,SGLang,282.1001925468445,0,0.0026106834411621094,1,27.0,2,0,True,True,True,False
sglang_claude_sonnet45-c0645fb7,sglang_018_2f427491,0,sglang_core,success,trae,TRAE-Bedrock,SGLang,283.713755607605,0,0.002189159393310547,1,12.0,2,1,True,True,False,False
sglang_claude_sonnet45-c0645fb7,sglang_020_3212c2ad,0,sglang_core,success,trae,TRAE-Bedrock,SGLang,649.6895062923431,0,0.002729177474975586,1,11.0,2,0,True,True,True,False
sglang_claude_sonnet45-c0645fb7,sglang_050_a99801e0,0,sglang_core,success,trae,TRAE-Bedrock,SGLang,961.2157926559448,0,0.0026700496673583984,2,80.0,1,0,True,True,False,False
sglang_claude_sonnet45-c0645fb7,sglang_070_df7f61ee,0,sglang_core,success,trae,TRAE-Bedrock,SGLang,160.9393651485443,0,0.0028836727142333984,1,127.0,2,0,True,True,True,False
sglang_claude_sonnet45-c0645fb7,sglang_055_b1e5a33a,0,sglang_core,success,trae,TRAE-Bedrock,SGLang,168.89067244529724,0,0.0025839805603027344,1,20.0,1,0,True,True,True,False
sglang_claude_sonnet45-c0645fb7,sglang_078_fbcbb263,0,sglang_core,error,trae,TRAE-Bedrock,SGLang,165.91923594474792,0,,0,36.0,0,0,False,False,False,False
sglang_claude_sonnet45-c0645fb7,sglang_042_9216b106,0,sglang_core,success,trae,TRAE-Bedrock,SGLang,376.5740122795105,0,0.0026628971099853516,1,10.0,1,0,True,True,True,False
sglang_claude_sonnet45-c0645fb7,sglang_059_c087ddd6,0,sglang_core,success,trae,TRAE-Bedrock,SGLang,168.9076111316681,0,0.0026106834411621094,1,92.0,2,0,True,True,True,False
sglang_claude_sonnet45-c0645fb7,sglang_069_ddcf9fe3,0,sglang_core,success,trae,TRAE-Bedrock,SGLang,185.90677499771118,0,0.002994537353515625,2,11.0,2,1,True,True,False,False
sglang_claude_sonnet45-c0645fb7,sglang_038_8f8f96a6,0,sglang_core,success,trae,TRAE-Bedrock,SGLang,327.28533005714417,0,0.002651214599609375,1,25.0,5,0,True,True,True,False
sglang_claude_sonnet45-c0645fb7,sglang_058_bc3f6db2,0,sglang_core,success,trae,TRAE-Bedrock,SGLang,223.87696933746338,0,0.002717733383178711,1,7.0,2,0,True,True,True,False
sglang_claude_sonnet45-c0645fb7,sglang_032_6fc17596,0,sglang_core,success,trae,TRAE-Bedrock,SGLang,195.61846566200256,0,0.0024251937866210938,2,218.0,2,1,True,True,False,False
sglang_claude_sonnet45-c0645fb7,sglang_073_e822e590,0,sglang_core,error,trae,TRAE-Bedrock,SGLang,172.86757826805115,0,,0,,0,0,False,False,False,False
sglang_claude_sonnet45-c0645fb7,sglang_068_dd1012fc,0,sglang_core,success,trae,TRAE-Bedrock,SGLang,194.93249583244324,0,0.002557039260864258,1,29.0,2,0,True,True,True,False
sglang_claude_sonnet45-c0645fb7,sglang_040_915140fd,0,sglang_core,success,trae,TRAE-Bedrock,SGLang,258.8751001358032,0,0.0026731491088867188,1,15.0,4,0,True,True,True,False
sglang_claude_sonnet45-c0645fb7,sglang_053_adca585b,0,sglang_core,success,trae,TRAE-Bedrock,SGLang,200.92784976959229,0,0.002725839614868164,1,25.0,1,0,True,True,True,False
sglang_claude_sonnet45-c0645fb7,sglang_023_564a898a,0,sglang_core,success,trae,TRAE-Bedrock,SGLang,201.68284797668457,0,0.002789020538330078,2,16.0,4,1,True,True,False,False
sglang_claude_sonnet45-c0645fb7,sglang_015_2a754e57,0,sglang_core,success,trae,TRAE-Bedrock,SGLang,854.9311051368713,0,0.003149747848510742,2,50.0,7,1,True,True,False,False
sglang_claude_sonnet45-c0645fb7,sglang_056_b77a02cd,0,sglang_core,success,trae,TRAE-Bedrock,SGLang,186.90963649749756,0,0.002923727035522461,1,125.0,2,0,True,True,True,False
sglang_claude_sonnet45-c0645fb7,sglang_054_b1709305,0,sglang_core,success,trae,TRAE-Bedrock,SGLang,178.96276926994324,0,0.0027387142181396484,1,16.0,1,0,True,True,True,False
sglang_claude_sonnet45-c0645fb7,sglang_012_27168308,0,sglang_core,success,trae,TRAE-Bedrock,SGLang,1179.4867341518402,0,0.0027740001678466797,2,102.0,6,2,True,True,False,False
sglang_claude_sonnet45-c0645fb7,sglang_064_d1112d85,0,sglang_core,success,trae,TRAE-Bedrock,SGLang,200.88410210609436,0,0.002907276153564453,1,58.0,2,0,True,True,True,False
sglang_claude_sonnet45-c0645fb7,sglang_067_dc67d976,0,sglang_core,success,trae,TRAE-Bedrock,SGLang,136.88232350349426,0,0.0027463436126708984,1,12.0,1,0,True,True,True,False
sglang_claude_sonnet45-c0645fb7,sglang_014_2a413829,0,sglang_core,success,trae,TRAE-Bedrock,SGLang,820.6863811016083,0,0.002654552459716797,3,4267.0,188,30,True,True,False,False
sglang_claude_sonnet45-c0645fb7,sglang_029_6cb00c63,0,sglang_core,success,trae,TRAE-Bedrock,SGLang,481.44285106658936,0,0.002614259719848633,1,48.0,2,0,True,True,True,False
sglang_claude_sonnet45-c0645fb7,sglang_045_9c088829,0,sglang_core,success,trae,TRAE-Bedrock,SGLang,384.20344948768616,0,109.30468678474426,1,5.0,1,0,True,False,True,False
sglang_claude_sonnet45-c0645fb7,sglang_048_a37e1247,0,sglang_core,success,trae,TRAE-Bedrock,SGLang,875.7399649620056,0,0.0027277469635009766,1,38.0,7,0,True,True,True,False
sglang_claude_sonnet45-c0645fb7,sglang_026_6a2941f4,0,sglang_core,success,trae,TRAE-Bedrock,SGLang,533.6197679042816,0,0.002821207046508789,1,196.0,7,1,True,True,False,False
sglang_claude_sonnet45-c0645fb7,sglang_002_10189d08,0,sglang_core,success,trae,TRAE-Bedrock,SGLang,511.06473898887634,0,0.0029680728912353516,1,114.0,2,0,True,True,True,False
sglang_claude_sonnet45-c0645fb7,sglang_001_09deb20d,0,sglang_core,success,trae,TRAE-Bedrock,SGLang,232.8592848777771,0,0.0026617050170898438,1,61.0,2,0,True,True,True,False
sglang_claude_sonnet45-c0645fb7,sglang_052_ac971ff6,0,sglang_core,success,trae,TRAE-Bedrock,SGLang,168.94258975982666,0,0.0028111934661865234,1,14.0,1,0,True,True,True,False
sglang_claude_sonnet45-c0645fb7,sglang_016_2bd18e2d,0,sglang_core,success,trae,TRAE-Bedrock,SGLang,498.3201003074646,0,0.002900362014770508,2,52.0,2,1,True,True,False,False
sglang_claude_sonnet45-c0645fb7,sglang_010_25c83fff,0,sglang_core,success,trae,TRAE-Bedrock,SGLang,325.1981272697449,0,0.0022573471069335938,1,23.0,5,0,True,True,True,False
sglang_claude_sonnet45-c0645fb7,sglang_063_cd7e32e2,0,sglang_core,error,trae,TRAE-Bedrock,SGLang,132.87943863868713,0,,0,22.0,0,0,False,False,False,False
sglang_claude_sonnet45-c0645fb7,sglang_034_79961afa,0,sglang_core,success,trae,TRAE-Bedrock,SGLang,200.6013081073761,0,0.002344846725463867,1,171.0,1,0,True,True,True,False
sglang_core-389be848,sglang_core-0048,48,sglang_core,success,codex,Codex,SGLang,152.19995594024658,0,147.43436455726624,1,102.0,2,0,True,False,True,False
sglang_core-389be848,sglang_core-0077,77,sglang_core,success,codex,Codex,SGLang,197.7246789932251,0,178.5334827899933,1,98.0,4,0,True,False,True,False
sglang_core-389be848,sglang_core-0070,70,sglang_core,success,codex,Codex,SGLang,108.74845433235168,0,93.28022360801697,1,11.0,1,0,True,False,True,False
sglang_core-389be848,sglang_core-0079,79,sglang_core,success,codex,Codex,SGLang,130.5552306175232,0,104.3146767616272,1,45.0,1,0,True,False,True,False
sglang_core-389be848,sglang_core-0046,46,sglang_core,success,codex,Codex,SGLang,129.25959086418152,0,122.36981225013733,1,76.0,1,0,True,False,True,False
sglang_core-389be848,sglang_core-0041,41,sglang_core,success,codex,Codex,SGLang,178.74501585960388,0,169.50272607803345,1,23.0,4,0,True,False,True,False
sglang_core-389be848,sglang_core-0015,15,sglang_core,success,codex,Codex,SGLang,235.26241874694824,0,219.66379594802856,1,1675.0,12,0,True,False,True,False
sglang_core-389be848,sglang_core-0012,12,sglang_core,success,codex,Codex,SGLang,125.75408387184143,0,112.3518648147583,1,20.0,1,0,True,False,True,False
sglang_core-389be848,sglang_core-0024,24,sglang_core,success,codex,Codex,SGLang,195.3367269039154,0,164.48845744132996,1,51.0,4,0,True,False,True,False
sglang_core-389be848,sglang_core-0023,23,sglang_core,success,codex,Codex,SGLang,222.05103278160095,0,197.59499645233154,1,25.0,1,0,True,False,True,False
sglang_core-389be848,sglang_core-0040,40,sglang_core,success,codex,Codex,SGLang,177.37365555763245,0,152.45801949501038,1,94.0,1,0,True,False,True,False
sglang_core-389be848,sglang_core-0078,78,sglang_core,success,codex,Codex,SGLang,201.3705027103424,0,188.57011032104492,1,271.0,4,0,True,False,True,False
sglang_core-389be848,sglang_core-0047,47,sglang_core,success,codex,Codex,SGLang,185.12850737571716,0,169.51891779899597,1,65.0,4,0,True,False,True,False
sglang_core-389be848,sglang_core-0071,71,sglang_core,success,codex,Codex,SGLang,220.40640306472778,0,173.5174777507782,1,119.0,2,0,True,False,True,False
sglang_core-389be848,sglang_core-0049,49,sglang_core,success,codex,Codex,SGLang,186.8026101589203,0,175.50779056549072,1,31.0,7,0,True,False,True,False
sglang_core-389be848,sglang_core-0076,76,sglang_core,success,codex,Codex,SGLang,332.17573165893555,0,316.9494845867157,1,166.0,6,0,True,False,True,False
sglang_core-389be848,sglang_core-0022,22,sglang_core,success,codex,Codex,SGLang,139.01897644996643,0,131.3952832221985,1,41.0,1,0,True,False,True,False
sglang_core-389be848,sglang_core-0025,25,sglang_core,success,codex,Codex,SGLang,232.777104139328,0,218.6564371585846,1,129.0,2,0,True,False,True,False
sglang_core-389be848,sglang_core-0013,13,sglang_core,success,codex,Codex,SGLang,360.5351469516754,0,352.05230379104614,1,88.0,4,0,True,False,True,False
sglang_core-389be848,sglang_core-0014,14,sglang_core,success,codex,Codex,SGLang,174.91307711601257,0,167.50478053092957,1,101.0,5,0,True,False,True,False
sglang_core-389be848,sglang_core-0009,9,sglang_core,success,codex,Codex,SGLang,321.3017086982727,0,307.918582201004,1,51.0,1,0,True,False,True,False
sglang_core-389be848,sglang_core-0036,36,sglang_core,success,codex,Codex,SGLang,97.33750104904175,0,91.27765917778015,1,44.0,1,0,True,False,True,False
sglang_core-389be848,sglang_core-0031,31,sglang_core,success,codex,Codex,SGLang,419.8407018184662,0,399.19131731987,1,328.0,61,0,True,False,True,False
sglang_core-389be848,sglang_core-0038,38,sglang_core,success,codex,Codex,SGLang,124.43825078010559,0,103.31023097038269,1,61.0,1,0,True,False,True,False
sglang_core-389be848,sglang_core-0007,7,sglang_core,success,codex,Codex,SGLang,186.21168637275696,0,181.4898340702057,1,140.0,1,0,True,False,True,False
sglang_core-389be848,sglang_core-0054,54,sglang_core,success,codex,Codex,SGLang,186.71691513061523,0,172.52199983596802,1,43.0,1,0,True,False,True,False
sglang_core-389be848,sglang_core-0053,53,sglang_core,success,codex,Codex,SGLang,111.36728143692017,0,95.29143619537354,1,25.0,1,0,True,False,True,False
sglang_core-389be848,sglang_core-0065,65,sglang_core,success,codex,Codex,SGLang,87.29488015174866,0,77.23411798477173,1,71.0,2,0,True,False,True,False
sglang_core-389be848,sglang_core-0062,62,sglang_core,success,codex,Codex,SGLang,151.07977604866028,0,140.42902541160583,1,67.0,1,0,True,False,True,False
sglang_core-389be848,sglang_core-0001,1,sglang_core,success,codex,Codex,SGLang,223.76549196243286,0,196.5767707824707,1,60.0,2,0,True,False,True,False
sglang_core-389be848,sglang_core-0039,39,sglang_core,success,codex,Codex,SGLang,148.66780543327332,0,137.4120433330536,1,101.0,5,0,True,False,True,False
sglang_core-389be848,sglang_core-0006,6,sglang_core,success,codex,Codex,SGLang,130.84179878234863,0,106.29809188842773,1,120.0,3,0,True,False,True,False
sglang_core-389be848,sglang_core-0030,30,sglang_core,success,codex,Codex,SGLang,214.80400371551514,0,202.61181163787842,1,109.0,2,0,True,False,True,False
sglang_core-389be848,sglang_core-0008,8,sglang_core,success,codex,Codex,SGLang,147.85321640968323,0,126.35751700401306,1,52.0,2,0,True,False,True,False
sglang_core-389be848,sglang_core-0037,37,sglang_core,success,codex,Codex,SGLang,142.70046877861023,0,128.38468861579895,1,52.0,4,0,True,False,True,False
sglang_core-389be848,sglang_core-0063,63,sglang_core,success,codex,Codex,SGLang,133.60205936431885,0,123.37267088890076,1,39.0,3,0,True,False,True,False
sglang_core-389be848,sglang_core-0064,64,sglang_core,success,codex,Codex,SGLang,195.36902928352356,0,182.537921667099,1,24.0,1,0,True,False,True,False
sglang_core-389be848,sglang_core-0052,52,sglang_core,success,codex,Codex,SGLang,239.76713800430298,0,196.58817338943481,2,23.0,3,1,True,False,False,False
sglang_core-389be848,sglang_core-0055,55,sglang_core,success,codex,Codex,SGLang,101.85921812057495,0,91.27739572525024,1,29.0,1,0,True,False,True,False
sglang_core-389be848,sglang_core-0011,11,sglang_core,success,codex,Codex,SGLang,315.38212180137634,0,299.89442682266235,1,46.0,8,0,True,False,True,False
sglang_core-389be848,sglang_core-0016,16,sglang_core,success,codex,Codex,SGLang,150.3991298675537,0,138.41510486602783,1,46.0,5,0,True,False,True,False
sglang_core-389be848,sglang_core-0029,29,sglang_core,success,codex,Codex,SGLang,110.7267746925354,0,93.28204655647278,2,38.0,2,1,True,False,False,False
sglang_core-389be848,sglang_core-0020,20,sglang_core,success,codex,Codex,SGLang,224.01647448539734,0,201.60489058494568,1,39.0,2,0,True,False,True,False
sglang_core-389be848,sglang_core-0027,27,sglang_core,success,codex,Codex,SGLang,210.97124648094177,0,176.52928948402405,1,45.0,6,0,True,False,True,False
sglang_core-389be848,sglang_core-0018,18,sglang_core,success,codex,Codex,SGLang,130.63851022720337,0,103.3091790676117,1,76.0,2,0,True,False,True,False
sglang_core-389be848,sglang_core-0073,73,sglang_core,success,codex,Codex,SGLang,148.01174139976501,0,113.34335470199585,1,43.0,1,0,True,False,True,False
sglang_core-389be848,sglang_core-0074,74,sglang_core,success,codex,Codex,SGLang,132.89100337028503,0,116.34737753868103,1,81.0,1,0,True,False,True,False
sglang_core-389be848,sglang_core-0080,80,sglang_core,success,codex,Codex,SGLang,415.13522458076477,0,386.17203998565674,1,83.0,3,0,True,False,True,False
sglang_core-389be848,sglang_core-0042,42,sglang_core,success,codex,Codex,SGLang,221.32429718971252,0,209.62416052818298,1,70.0,5,0,True,False,True,False
sglang_core-389be848,sglang_core-0045,45,sglang_core,success,codex,Codex,SGLang,149.5597050189972,0,124.37630867958069,1,78.0,3,0,True,False,True,False
sglang_core-389be848,sglang_core-0026,26,sglang_core,success,codex,Codex,SGLang,251.54089903831482,0,232.69672560691833,1,40.0,3,0,True,False,True,False
sglang_core-389be848,sglang_core-0019,19,sglang_core,success,codex,Codex,SGLang,110.29825282096863,0,97.29416012763977,1,27.0,1,0,True,False,True,False
sglang_core-389be848,sglang_core-0021,21,sglang_core,success,codex,Codex,SGLang,229.95834231376648,0,203.60867881774902,1,13.0,2,0,True,False,True,False
sglang_core-389be848,sglang_core-0017,17,sglang_core,success,codex,Codex,SGLang,101.51292490959167,0,91.27485060691833,1,49.0,1,0,True,False,True,False
sglang_core-389be848,sglang_core-0028,28,sglang_core,success,codex,Codex,SGLang,118.60714888572693,0,93.28173017501831,1,60.0,2,0,True,False,True,False
sglang_core-389be848,sglang_core-0010,10,sglang_core,success,codex,Codex,SGLang,173.51219415664673,0,122.37678146362305,1,31.0,5,0,True,False,True,False
sglang_core-389be848,sglang_core-0044,44,sglang_core,success,codex,Codex,SGLang,148.47457432746887,0,134.4095549583435,1,64.0,1,0,True,False,True,False
sglang_core-389be848,sglang_core-0043,43,sglang_core,success,codex,Codex,SGLang,265.43714594841003,0,241.71860694885254,1,57.0,1,0,True,False,True,False
sglang_core-389be848,sglang_core-0075,75,sglang_core,success,codex,Codex,SGLang,270.88696360588074,0,251.75879764556885,1,161.0,3,0,True,False,True,False
sglang_core-389be848,sglang_core-0072,72,sglang_core,success,codex,Codex,SGLang,182.17972707748413,0,167.50545477867126,1,49.0,1,0,True,False,True,False
sglang_core-389be848,sglang_core-0050,50,sglang_core,success,codex,Codex,SGLang,280.1816122531891,0,270.8121614456177,1,53.0,2,2,True,False,False,False
sglang_core-389be848,sglang_core-0057,57,sglang_core,success,codex,Codex,SGLang,176.4712278842926,0,159.47995781898499,1,334.0,6,0,True,False,True,False
sglang_core-389be848,sglang_core-0068,68,sglang_core,success,codex,Codex,SGLang,184.76595997810364,0,167.49819993972778,1,17.0,1,0,True,False,True,False
sglang_core-389be848,sglang_core-0061,61,sglang_core,success,codex,Codex,SGLang,156.7950475215912,0,137.41358828544617,1,11.0,1,0,True,False,True,False
sglang_core-389be848,sglang_core-0066,66,sglang_core,success,codex,Codex,SGLang,140.26975083351135,0,116.35044956207275,1,49.0,1,0,True,False,True,False
sglang_core-389be848,sglang_core-0059,59,sglang_core,success,codex,Codex,SGLang,187.56310653686523,0,171.51680326461792,1,19.0,3,0,True,False,True,False
sglang_core-389be848,sglang_core-0032,32,sglang_core,success,codex,Codex,SGLang,264.28763151168823,0,236.7071042060852,1,46.0,4,0,True,False,True,False
sglang_core-389be848,sglang_core-0035,35,sglang_core,success,codex,Codex,SGLang,187.26313662528992,0,156.46884751319885,1,204.0,1,0,True,False,True,False
sglang_core-389be848,sglang_core-0003,3,sglang_core,success,codex,Codex,SGLang,145.8358416557312,0,117.32420873641968,1,150.0,2,0,True,False,True,False
sglang_core-389be848,sglang_core-0004,4,sglang_core,success,codex,Codex,SGLang,171.9676477909088,0,159.4382495880127,1,29.0,1,0,True,False,True,False
sglang_core-389be848,sglang_core-0067,67,sglang_core,success,codex,Codex,SGLang,150.32823514938354,0,142.42965412139893,1,23.0,2,0,True,False,True,False
sglang_core-389be848,sglang_core-0058,58,sglang_core,success,codex,Codex,SGLang,207.51389932632446,0,196.5896873474121,1,75.0,2,0,True,False,True,False
sglang_core-389be848,sglang_core-0060,60,sglang_core,success,codex,Codex,SGLang,111.57818865776062,0,90.2707736492157,1,122.0,2,0,True,False,True,False
sglang_core-389be848,sglang_core-0056,56,sglang_core,success,codex,Codex,SGLang,203.31269645690918,0,187.57287311553955,1,47.0,1,0,True,False,True,False
sglang_core-389be848,sglang_core-0069,69,sglang_core,success,codex,Codex,SGLang,146.61332511901855,0,132.40156960487366,1,40.0,2,0,True,False,True,False
sglang_core-389be848,sglang_core-0051,51,sglang_core,success,codex,Codex,SGLang,199.21797227859497,0,191.57969164848328,1,97.0,1,0,True,False,True,False
sglang_core-389be848,sglang_core-0005,5,sglang_core,success,codex,Codex,SGLang,112.39454197883606,0,94.25638365745544,1,22.0,2,0,True,False,True,False
sglang_core-389be848,sglang_core-0002,2,sglang_core,success,codex,Codex,SGLang,138.39875411987305,0,103.2953233718872,1,28.0,2,0,True,False,True,False
sglang_core-389be848,sglang_core-0034,34,sglang_core,success,codex,Codex,SGLang,121.96518349647522,0,110.33629751205444,1,79.0,1,0,True,False,True,False
sglang_core-389be848,sglang_core-0033,33,sglang_core,success,codex,Codex,SGLang,257.58794498443604,0,234.70930933952332,1,249.0,1,0,True,False,True,False
sglang_core-ae58875a,sglang_025_62757db6,0,sglang_core,success,trae,TRAE-GPT,SGLang,1531.0558528900146,1,1162.0124444961548,1,30.0,4,0,True,False,True,False
sglang_core-ae58875a,sglang_074_e88dd482,0,sglang_core,error,trae,TRAE-GPT,SGLang,149.26388382911682,0,,0,,0,0,False,False,False,False
sglang_core-ae58875a,sglang_003_132dad87,0,sglang_core,success,trae,TRAE-GPT,SGLang,1071.836177110672,1,745.9480602741241,1,29.0,1,0,True,False,True,False
sglang_core-ae58875a,sglang_037_880221bd,0,sglang_core,error,trae,TRAE-GPT,SGLang,255.8116934299469,0,,0,,0,0,False,False,False,False
sglang_core-ae58875a,sglang_036_86a876d8,0,sglang_core,error,trae,TRAE-GPT,SGLang,222.0341112613678,0,,0,,0,0,False,False,False,False
sglang_core-ae58875a,sglang_044_9c064bf7,0,sglang_core,error,trae,TRAE-GPT,SGLang,171.64680671691895,0,,0,,0,0,False,False,False,False
sglang_core-ae58875a,sglang_035_7ce36068,0,sglang_core,error,trae,TRAE-GPT,SGLang,169.6920702457428,0,,0,,0,0,False,False,False,False
sglang_core-ae58875a,sglang_005_187b85b7,0,sglang_core,success,trae,TRAE-GPT,SGLang,1345.6042456626892,1,1071.8318028450012,1,31.0,3,0,True,False,True,False
sglang_core-ae58875a,sglang_060_c2bd094d,0,sglang_core,error,trae,TRAE-GPT,SGLang,187.93985962867737,0,,0,,0,0,False,False,False,False
sglang_core-ae58875a,sglang_071_e3ec6bf4,0,sglang_core,error,trae,TRAE-GPT,SGLang,188.91642260551453,0,,0,,0,0,False,False,False,False
sglang_core-ae58875a,sglang_043_93470a14,0,sglang_core,error,trae,TRAE-GPT,SGLang,184.5484266281128,0,,0,,0,0,False,False,False,False
sglang_core-ae58875a,sglang_046_9c745d07,0,sglang_core,error,trae,TRAE-GPT,SGLang,163.85389709472656,0,,0,,0,0,False,False,False,False
sglang_core-ae58875a,sglang_011_25e1816e,0,sglang_core,success,trae,TRAE-GPT,SGLang,595.3421671390533,0,332.8835816383362,1,31.0,1,0,True,False,True,False
sglang_core-ae58875a,sglang_000_021f76e4,0,sglang_core,success,trae,TRAE-GPT,SGLang,926.4356377124786,1,610.5869665145874,1,29.0,1,0,True,False,True,False
sglang_core-ae58875a,sglang_006_1acca3a2,0,sglang_core,success,trae,TRAE-GPT,SGLang,1207.210045337677,1,929.4482529163361,1,44.0,1,0,True,False,True,False
sglang_core-ae58875a,sglang_009_23c764b1,0,sglang_core,success,trae,TRAE-GPT,SGLang,2471.980106830597,0,1399.7178435325623,1,16.0,4,0,True,False,True,False
sglang_core-ae58875a,sglang_041_9183c23e,0,sglang_core,error,trae,TRAE-GPT,SGLang,161.8019621372223,0,,0,,0,0,False,False,False,False
sglang_core-ae58875a,sglang_072_e5db40dc,0,sglang_core,error,trae,TRAE-GPT,SGLang,197.09146213531494,0,,0,,0,0,False,False,False,False
sglang_core-ae58875a,sglang_031_6f560c76,0,sglang_core,success,trae,TRAE-GPT,SGLang,533.7256689071655,0,230.61020493507385,1,12.0,1,0,True,False,True,False
sglang_core-ae58875a,sglang_047_a191a0e4,0,sglang_core,error,trae,TRAE-GPT,SGLang,210.7655439376831,0,,0,,0,0,False,False,False,False
sglang_core-ae58875a,sglang_061_c2f212d6,0,sglang_core,error,trae,TRAE-GPT,SGLang,169.2802610397339,0,,0,,0,0,False,False,False,False
sglang_core-ae58875a,sglang_039_912788c0,0,sglang_core,error,trae,TRAE-GPT,SGLang,227.2122721672058,0,,0,,0,0,False,False,False,False
sglang_core-ae58875a,sglang_004_148254d4,0,sglang_core,success,trae,TRAE-GPT,SGLang,1574.1468806266785,1,1286.3683474063873,1,30.0,2,0,True,False,True,False
sglang_core-ae58875a,sglang_028_6b7038ba,0,sglang_core,error,trae,TRAE-GPT,SGLang,1073.251746416092,1,,0,,0,0,False,False,False,False
sglang_core-ae58875a,sglang_079_ff00895c,0,sglang_core,error,trae,TRAE-GPT,SGLang,220.71861696243286,0,,0,,0,0,False,False,False,False
sglang_core-ae58875a,sglang_049_a73c4df4,0,sglang_core,error,trae,TRAE-GPT,SGLang,194.57322311401367,0,,0,,0,0,False,False,False,False
sglang_core-ae58875a,sglang_030_6e2da515,0,sglang_core,success,trae,TRAE-GPT,SGLang,2809.226100921631,1,2025.2976169586182,2,40.0,5,1,True,False,False,False
sglang_core-ae58875a,sglang_066_dc188132,0,sglang_core,error,trae,TRAE-GPT,SGLang,144.61168575286865,0,,0,,0,0,False,False,False,False
sglang_core-ae58875a,sglang_022_5239d795,0,sglang_core,success,trae,TRAE-GPT,SGLang,877.7632646560669,1,560.460147857666,1,24.0,1,0,True,False,True,False
sglang_core-ae58875a,sglang_033_73b13e69,0,sglang_core,error,trae,TRAE-GPT,SGLang,1260.4940867424011,1,,0,,0,0,False,False,False,False
sglang_core-ae58875a,sglang_021_4418f599,0,sglang_core,success,trae,TRAE-GPT,SGLang,729.1593301296234,1,481.2568368911743,2,35.0,2,1,True,False,False,False
sglang_core-ae58875a,sglang_065_da47621c,0,sglang_core,error,trae,TRAE-GPT,SGLang,202.29638957977295,0,,0,,0,0,False,False,False,False
sglang_core-ae58875a,sglang_024_5e023301,0,sglang_core,success,trae,TRAE-GPT,SGLang,1907.2927465438843,1,1621.2364239692688,1,151.0,2,0,True,False,True,False
sglang_core-ae58875a,sglang_008_205d5cb4,0,sglang_core,error,trae,TRAE-GPT,SGLang,2150.910093307495,0,,0,,0,0,False,False,False,False
sglang_core-ae58875a,sglang_076_f06e90c2,0,sglang_core,error,trae,TRAE-GPT,SGLang,195.2550287246704,0,,0,,0,0,False,False,False,False
sglang_core-ae58875a,sglang_013_2854a5ea,0,sglang_core,success,trae,TRAE-GPT,SGLang,1635.466148853302,1,1396.6740262508392,1,29.0,5,0,True,False,True,False
sglang_core-ae58875a,sglang_062_c98e84c2,0,sglang_core,error,trae,TRAE-GPT,SGLang,177.85437989234924,0,,0,,0,0,False,False,False,False
sglang_core-ae58875a,sglang_027_6b231325,0,sglang_core,success,trae,TRAE-GPT,SGLang,2001.8330380916595,1,1563.0900168418884,1,68.0,2,0,True,False,True,False
sglang_core-ae58875a,sglang_017_2ed68d7a,0,sglang_core,success,trae,TRAE-GPT,SGLang,930.3695402145386,1,649.6923272609711,1,65.0,2,0,True,False,True,False
sglang_core-ae58875a,sglang_019_31589e17,0,sglang_core,error,trae,TRAE-GPT,SGLang,717.0539922714233,1,,0,,0,0,False,False,False,False
sglang_core-ae58875a,sglang_057_bb3a3b66,0,sglang_core,error,trae,TRAE-GPT,SGLang,190.91436862945557,0,,0,,0,0,False,False,False,False
sglang_core-ae58875a,sglang_075_f0653886,0,sglang_core,error,trae,TRAE-GPT,SGLang,162.72088027000427,0,,0,,0,0,False,False,False,False
sglang_core-ae58875a,sglang_051_ab4a83b2,0,sglang_core,error,trae,TRAE-GPT,SGLang,200.77637124061584,0,,0,,0,0,False,False,False,False
sglang_core-ae58875a,sglang_077_f0815419,0,sglang_core,error,trae,TRAE-GPT,SGLang,191.6615731716156,0,,0,,0,0,False,False,False,False
sglang_core-ae58875a,sglang_007_1bf1cf19,0,sglang_core,success,trae,TRAE-GPT,SGLang,2136.733103275299,1,1764.658100605011,1,27.0,2,0,True,False,True,False
sglang_core-ae58875a,sglang_018_2f427491,0,sglang_core,success,trae,TRAE-GPT,SGLang,739.6448652744293,0,467.2287337779999,1,12.0,1,0,True,False,True,False
sglang_core-ae58875a,sglang_020_3212c2ad,0,sglang_core,success,trae,TRAE-GPT,SGLang,935.9024806022644,0,529.3844728469849,1,11.0,2,0,True,False,True,False
sglang_core-ae58875a,sglang_050_a99801e0,0,sglang_core,error,trae,TRAE-GPT,SGLang,159.01994061470032,0,,0,,0,0,False,False,False,False
sglang_core-ae58875a,sglang_070_df7f61ee,0,sglang_core,error,trae,TRAE-GPT,SGLang,240.1344256401062,0,,0,,0,0,False,False,False,False
sglang_core-ae58875a,sglang_055_b1e5a33a,0,sglang_core,error,trae,TRAE-GPT,SGLang,188.26439595222473,0,,0,,0,0,False,False,False,False
sglang_core-ae58875a,sglang_078_fbcbb263,0,sglang_core,error,trae,TRAE-GPT,SGLang,199.61287784576416,0,,0,,0,0,False,False,False,False
sglang_core-ae58875a,sglang_042_9216b106,0,sglang_core,error,trae,TRAE-GPT,SGLang,196.33988213539124,0,,0,,0,0,False,False,False,False
sglang_core-ae58875a,sglang_059_c087ddd6,0,sglang_core,error,trae,TRAE-GPT,SGLang,210.3432936668396,0,,0,,0,0,False,False,False,False
sglang_core-ae58875a,sglang_069_ddcf9fe3,0,sglang_core,error,trae,TRAE-GPT,SGLang,227.32110714912415,0,,0,,0,0,False,False,False,False
sglang_core-ae58875a,sglang_038_8f8f96a6,0,sglang_core,error,trae,TRAE-GPT,SGLang,207.16498112678528,0,,0,,0,0,False,False,False,False
sglang_core-ae58875a,sglang_058_bc3f6db2,0,sglang_core,error,trae,TRAE-GPT,SGLang,169.82175183296204,0,,0,,0,0,False,False,False,False
sglang_core-ae58875a,sglang_032_6fc17596,0,sglang_core,success,trae,TRAE-GPT,SGLang,3600.078765630722,-15,2584.763207435608,2,218.0,2,1,True,False,False,False
sglang_core-ae58875a,sglang_073_e822e590,0,sglang_core,error,trae,TRAE-GPT,SGLang,143.07373476028442,0,,0,,0,0,False,False,False,False
sglang_core-ae58875a,sglang_068_dd1012fc,0,sglang_core,error,trae,TRAE-GPT,SGLang,192.98193764686584,0,,0,,0,0,False,False,False,False
sglang_core-ae58875a,sglang_040_915140fd,0,sglang_core,error,trae,TRAE-GPT,SGLang,189.289452791214,0,,0,,0,0,False,False,False,False
sglang_core-ae58875a,sglang_053_adca585b,0,sglang_core,error,trae,TRAE-GPT,SGLang,210.81393361091614,0,,0,,0,0,False,False,False,False
sglang_core-ae58875a,sglang_023_564a898a,0,sglang_core,success,trae,TRAE-GPT,SGLang,1567.4572422504425,1,488.2697203159332,2,16.0,4,1,True,False,False,False
sglang_core-ae58875a,sglang_015_2a754e57,0,sglang_core,success,trae,TRAE-GPT,SGLang,1770.3840899467468,1,1486.8724076747894,1,21.0,2,0,True,False,True,False
sglang_core-ae58875a,sglang_056_b77a02cd,0,sglang_core,error,trae,TRAE-GPT,SGLang,216.13343787193298,0,,0,,0,0,False,False,False,False
sglang_core-ae58875a,sglang_054_b1709305,0,sglang_core,error,trae,TRAE-GPT,SGLang,146.5746021270752,0,,0,,0,0,False,False,False,False
sglang_core-ae58875a,sglang_012_27168308,0,sglang_core,error,trae,TRAE-GPT,SGLang,3600.072585582733,-15,,0,,0,0,False,False,False,False
sglang_core-ae58875a,sglang_064_d1112d85,0,sglang_core,error,trae,TRAE-GPT,SGLang,221.8986370563507,0,,0,,0,0,False,False,False,False
sglang_core-ae58875a,sglang_067_dc67d976,0,sglang_core,error,trae,TRAE-GPT,SGLang,225.78834414482117,0,,0,,0,0,False,False,False,False
sglang_core-ae58875a,sglang_014_2a413829,0,sglang_core,success,trae,TRAE-GPT,SGLang,569.2063512802124,0,301.79837346076965,2,24501.0,158,30,True,False,False,False
sglang_core-ae58875a,sglang_029_6cb00c63,0,sglang_core,success,trae,TRAE-GPT,SGLang,1852.2773010730743,1,1480.8413877487183,1,48.0,2,0,True,False,True,False
sglang_core-ae58875a,sglang_045_9c088829,0,sglang_core,error,trae,TRAE-GPT,SGLang,172.56429266929626,0,,0,,0,0,False,False,False,False
sglang_core-ae58875a,sglang_048_a37e1247,0,sglang_core,error,trae,TRAE-GPT,SGLang,169.7705099582672,0,,0,,0,0,False,False,False,False
sglang_core-ae58875a,sglang_026_6a2941f4,0,sglang_core,success,trae,TRAE-GPT,SGLang,1643.0447721481323,1,1389.625548839569,1,96.0,6,0,True,False,True,False
sglang_core-ae58875a,sglang_002_10189d08,0,sglang_core,success,trae,TRAE-GPT,SGLang,1337.1144859790802,1,1083.8778240680695,1,114.0,2,0,True,False,True,False
sglang_core-ae58875a,sglang_001_09deb20d,0,sglang_core,success,trae,TRAE-GPT,SGLang,1711.7450556755066,0,1431.756337404251,1,61.0,2,0,True,False,True,False
sglang_core-ae58875a,sglang_052_ac971ff6,0,sglang_core,error,trae,TRAE-GPT,SGLang,239.32603979110718,0,,0,,0,0,False,False,False,False
sglang_core-ae58875a,sglang_016_2bd18e2d,0,sglang_core,success,trae,TRAE-GPT,SGLang,833.6536161899567,1,583.5270102024078,1,14.0,1,0,True,False,True,False
sglang_core-ae58875a,sglang_010_25c83fff,0,sglang_core,success,trae,TRAE-GPT,SGLang,1751.4252936840057,1,1401.6515367031097,1,23.0,5,0,True,False,True,False
sglang_core-ae58875a,sglang_063_cd7e32e2,0,sglang_core,error,trae,TRAE-GPT,SGLang,248.72230219841003,0,,0,,0,0,False,False,False,False
sglang_core-ae58875a,sglang_034_79961afa,0,sglang_core,error,trae,TRAE-GPT,SGLang,195.71047639846802,0,,0,,0,0,False,False,False,False
sglang_core-bd68ff67,sglang_074_e88dd482,0,sglang_core,success,trae,TRAE-GPT,SGLang,1211.3674609661102,1,930.4718551635742,1,30.0,1,0,True,False,True,False
sglang_core-bd68ff67,sglang_037_880221bd,0,sglang_core,success,trae,TRAE-GPT,SGLang,1035.8267912864685,1,685.8235940933228,1,58.0,1,0,True,False,True,False
sglang_core-bd68ff67,sglang_036_86a876d8,0,sglang_core,success,trae,TRAE-GPT,SGLang,1487.640022277832,1,828.2006371021271,2,60.0,5,1,True,False,False,False
sglang_core-bd68ff67,sglang_044_9c064bf7,0,sglang_core,success,trae,TRAE-GPT,SGLang,1808.2046926021576,0,1470.903592824936,1,65.0,3,0,True,False,True,False
sglang_core-bd68ff67,sglang_035_7ce36068,0,sglang_core,error,trae,TRAE-GPT,SGLang,249.03751707077026,0,,0,,0,0,False,False,False,False
sglang_core-bd68ff67,sglang_060_c2bd094d,0,sglang_core,success,trae,TRAE-GPT,SGLang,1564.180385351181,1,1259.3287868499756,1,33.0,3,0,True,False,True,False
sglang_core-bd68ff67,sglang_071_e3ec6bf4,0,sglang_core,success,trae,TRAE-GPT,SGLang,1204.2675454616547,0,881.3248674869537,1,46.0,1,0,True,False,True,False
sglang_core-bd68ff67,sglang_043_93470a14,0,sglang_core,success,trae,TRAE-GPT,SGLang,2086.5453882217407,1,1317.483696937561,1,16.0,1,0,True,False,True,False
sglang_core-bd68ff67,sglang_046_9c745d07,0,sglang_core,success,trae,TRAE-GPT,SGLang,1387.0566227436066,1,980.6082799434662,1,58.0,4,0,True,False,True,False
sglang_core-bd68ff67,sglang_041_9183c23e,0,sglang_core,success,trae,TRAE-GPT,SGLang,1775.6260051727295,1,1447.7320501804352,1,47.0,5,0,True,False,True,False
sglang_core-bd68ff67,sglang_072_e5db40dc,0,sglang_core,success,trae,TRAE-GPT,SGLang,936.6969885826111,1,531.4048004150391,1,35.0,1,0,True,False,True,False
sglang_core-bd68ff67,sglang_047_a191a0e4,0,sglang_core,success,trae,TRAE-GPT,SGLang,1558.6426694393158,1,567.5153467655182,2,42.0,2,1,True,False,False,False
sglang_core-bd68ff67,sglang_061_c2f212d6,0,sglang_core,success,trae,TRAE-GPT,SGLang,1676.042895078659,1,1292.4607646465302,1,76.0,1,0,True,False,True,False
sglang_core-bd68ff67,sglang_039_912788c0,0,sglang_core,success,trae,TRAE-GPT,SGLang,1196.3742697238922,1,1013.6839363574982,1,15.0,1,0,True,False,True,False
sglang_core-bd68ff67,sglang_028_6b7038ba,0,sglang_core,success,trae,TRAE-GPT,SGLang,975.6021966934204,1,601.6019444465637,1,24.0,1,0,True,False,True,False
sglang_core-bd68ff67,sglang_079_ff00895c,0,sglang_core,error,trae,TRAE-GPT,SGLang,180.09252452850342,0,,0,,0,0,False,False,False,False
sglang_core-bd68ff67,sglang_049_a73c4df4,0,sglang_core,success,trae,TRAE-GPT,SGLang,943.6566896438599,1,621.6369650363922,1,240.0,4,0,True,False,True,False
sglang_core-bd68ff67,sglang_066_dc188132,0,sglang_core,success,trae,TRAE-GPT,SGLang,1055.9928765296936,0,680.7802045345306,1,20.0,2,0,True,False,True,False
sglang_core-bd68ff67,sglang_033_73b13e69,0,sglang_core,success,trae,TRAE-GPT,SGLang,1372.4302489757538,1,1166.076295375824,1,130.0,1,0,True,False,True,False
sglang_core-bd68ff67,sglang_065_da47621c,0,sglang_core,success,trae,TRAE-GPT,SGLang,1222.233585357666,1,943.5038304328918,2,40.0,2,1,True,False,False,False
sglang_core-bd68ff67,sglang_008_205d5cb4,0,sglang_core,success,trae,TRAE-GPT,SGLang,1557.9955744743347,0,1356.6071028709412,2,36.0,2,1,True,False,False,False
sglang_core-bd68ff67,sglang_076_f06e90c2,0,sglang_core,success,trae,TRAE-GPT,SGLang,1694.1545679569244,1,1267.395994901657,1,96.0,4,0,True,False,True,False
sglang_core-bd68ff67,sglang_062_c98e84c2,0,sglang_core,error,trae,TRAE-GPT,SGLang,1143.7768981456757,0,,0,34.0,0,0,False,False,False,False
sglang_core-bd68ff67,sglang_019_31589e17,0,sglang_core,success,trae,TRAE-GPT,SGLang,1391.66690158844,1,1091.917894601822,1,49.0,2,0,True,False,True,False
sglang_core-bd68ff67,sglang_057_bb3a3b66,0,sglang_core,success,trae,TRAE-GPT,SGLang,1139.9188318252563,1,892.3402194976807,2,36.0,3,1,True,False,False,False
sglang_core-bd68ff67,sglang_075_f0653886,0,sglang_core,success,trae,TRAE-GPT,SGLang,1271.7403531074524,0,821.1670572757721,1,9.0,4,1,True,False,False,False
sglang_core-bd68ff67,sglang_051_ab4a83b2,0,sglang_core,success,trae,TRAE-GPT,SGLang,885.3328139781952,1,665.7727437019348,1,42.0,2,0,True,False,True,False
sglang_core-bd68ff67,sglang_077_f0815419,0,sglang_core,error,trae,TRAE-GPT,SGLang,317.4314775466919,1,,0,,0,0,False,False,False,False
sglang_core-bd68ff67,sglang_050_a99801e0,0,sglang_core,success,trae,TRAE-GPT,SGLang,3600.088398694992,-15,2011.3080430030823,1,73.0,1,0,True,False,True,False
sglang_core-bd68ff67,sglang_070_df7f61ee,0,sglang_core,success,trae,TRAE-GPT,SGLang,1658.2633213996887,1,1312.4785592556,1,127.0,2,0,True,False,True,False
sglang_core-bd68ff67,sglang_055_b1e5a33a,0,sglang_core,success,trae,TRAE-GPT,SGLang,1172.9849436283112,0,871.3328475952148,1,20.0,1,0,True,False,True,False
sglang_core-bd68ff67,sglang_078_fbcbb263,0,sglang_core,error,trae,TRAE-GPT,SGLang,2797.4677703380585,1,,0,36.0,0,0,False,False,False,False
sglang_core-bd68ff67,sglang_042_9216b106,0,sglang_core,success,trae,TRAE-GPT,SGLang,1615.0928626060486,0,1166.0773749351501,1,10.0,1,0,True,False,True,False
sglang_core-bd68ff67,sglang_059_c087ddd6,0,sglang_core,success,trae,TRAE-GPT,SGLang,1006.975373506546,1,606.6150438785553,1,92.0,2,0,True,False,True,False
sglang_core-bd68ff67,sglang_069_ddcf9fe3,0,sglang_core,success,trae,TRAE-GPT,SGLang,950.4064192771912,1,667.7717440128326,2,11.0,2,1,True,False,False,False
sglang_core-bd68ff67,sglang_038_8f8f96a6,0,sglang_core,success,trae,TRAE-GPT,SGLang,1492.0078473091125,1,1237.2814526557922,1,25.0,5,0,True,False,True,False
sglang_core-bd68ff67,sglang_058_bc3f6db2,0,sglang_core,success,trae,TRAE-GPT,SGLang,922.9072206020355,1,479.2836015224457,1,7.0,2,0,True,False,True,False
sglang_core-bd68ff67,sglang_073_e822e590,0,sglang_core,error,trae,TRAE-GPT,SGLang,108.29851984977722,0,,0,,0,0,False,False,False,False
sglang_core-bd68ff67,sglang_068_dd1012fc,0,sglang_core,success,trae,TRAE-GPT,SGLang,953.2426671981812,1,626.6677684783936,1,29.0,2,0,True,False,True,False
sglang_core-bd68ff67,sglang_040_915140fd,0,sglang_core,success,trae,TRAE-GPT,SGLang,1980.4621365070343,1,1440.7679960727692,1,15.0,4,0,True,False,True,False
sglang_core-bd68ff67,sglang_053_adca585b,0,sglang_core,success,trae,TRAE-GPT,SGLang,577.6809911727905,0,283.8782479763031,1,25.0,1,0,True,False,True,False
sglang_core-bd68ff67,sglang_056_b77a02cd,0,sglang_core,success,trae,TRAE-GPT,SGLang,936.3633041381836,0,650.7330412864685,1,125.0,2,0,True,False,True,False
sglang_core-bd68ff67,sglang_054_b1709305,0,sglang_core,success,trae,TRAE-GPT,SGLang,1025.5424222946167,1,707.8834750652313,1,16.0,1,0,True,False,True,False
sglang_core-bd68ff67,sglang_012_27168308,0,sglang_core,success,trae,TRAE-GPT,SGLang,1383.4992182254791,1,552.4759955406189,1,59.0,4,0,True,False,True,False
sglang_core-bd68ff67,sglang_064_d1112d85,0,sglang_core,success,trae,TRAE-GPT,SGLang,899.6181066036224,0,482.28168416023254,1,58.0,2,0,True,False,True,False
sglang_core-bd68ff67,sglang_067_dc67d976,0,sglang_core,success,trae,TRAE-GPT,SGLang,651.005930185318,0,260.6968116760254,1,12.0,1,0,True,False,True,False
sglang_core-bd68ff67,sglang_045_9c088829,0,sglang_core,error,trae,TRAE-GPT,SGLang,287.18032693862915,0,,0,,0,0,False,False,False,False
sglang_core-bd68ff67,sglang_048_a37e1247,0,sglang_core,success,trae,TRAE-GPT,SGLang,1973.1844098567963,0,1080.8568317890167,2,28.0,6,0,True,False,False,False
sglang_core-bd68ff67,sglang_052_ac971ff6,0,sglang_core,success,trae,TRAE-GPT,SGLang,649.1378979682922,1,397.05294966697693,1,14.0,1,0,True,False,True,False
sglang_core-bd68ff67,sglang_063_cd7e32e2,0,sglang_core,error,trae,TRAE-GPT,SGLang,581.5207905769348,0,,0,22.0,0,0,False,False,False,False
sglang_core-bd68ff67,sglang_034_79961afa,0,sglang_core,success,trae,TRAE-GPT,SGLang,2215.088485479355,1,2010.272694826126,1,171.0,1,0,True,False,True,False
vllm_claude_sonnet45-0a51aaa8,vllm_bedrock_sonnet45-0007,7,vllm_core,success,trae,TRAE-Bedrock,vLLM,439.79032158851624,0,153.43137669563293,1,28.0,1,0,True,False,True,False
vllm_claude_sonnet45-0a51aaa8,vllm_bedrock_sonnet45-0038,38,vllm_core,error,trae,TRAE-Bedrock,vLLM,201.91655564308167,0,,0,,0,0,False,False,False,False
vllm_claude_sonnet45-0a51aaa8,vllm_bedrock_sonnet45-0031,31,vllm_core,error,trae,TRAE-Bedrock,vLLM,158.83827209472656,0,,0,,0,0,False,False,False,False
vllm_claude_sonnet45-0a51aaa8,vllm_bedrock_sonnet45-0036,36,vllm_core,error,trae,TRAE-Bedrock,vLLM,163.77548551559448,0,,0,,0,0,False,False,False,False
vllm_claude_sonnet45-0a51aaa8,vllm_bedrock_sonnet45-0009,9,vllm_core,error,trae,TRAE-Bedrock,vLLM,243.14559769630432,0,,0,13.0,0,0,False,False,False,False
vllm_claude_sonnet45-0a51aaa8,vllm_bedrock_sonnet45-0062,62,vllm_core,error,trae,TRAE-Bedrock,vLLM,143.8231155872345,0,,0,,0,0,False,False,False,False
vllm_claude_sonnet45-0a51aaa8,vllm_bedrock_sonnet45-0096,96,vllm_core,error,trae,TRAE-Bedrock,vLLM,147.84918928146362,0,,0,,0,0,False,False,False,False
vllm_claude_sonnet45-0a51aaa8,vllm_bedrock_sonnet45-0091,91,vllm_core,error,trae,TRAE-Bedrock,vLLM,157.97847986221313,0,,0,,0,0,False,False,False,False
vllm_claude_sonnet45-0a51aaa8,vllm_bedrock_sonnet45-0065,65,vllm_core,error,trae,TRAE-Bedrock,vLLM,172.87000918388367,0,,0,,0,0,False,False,False,False
vllm_claude_sonnet45-0a51aaa8,vllm_bedrock_sonnet45-0098,98,vllm_core,error,trae,TRAE-Bedrock,vLLM,157.77578902244568,0,,0,,0,0,False,False,False,False
vllm_claude_sonnet45-0a51aaa8,vllm_bedrock_sonnet45-0053,53,vllm_core,error,trae,TRAE-Bedrock,vLLM,158.81114840507507,0,,0,,0,0,False,False,False,False
vllm_claude_sonnet45-0a51aaa8,vllm_bedrock_sonnet45-0054,54,vllm_core,error,trae,TRAE-Bedrock,vLLM,175.86707043647766,0,,0,,0,0,False,False,False,False
vllm_claude_sonnet45-0a51aaa8,vllm_bedrock_sonnet45-0037,37,vllm_core,error,trae,TRAE-Bedrock,vLLM,139.88546323776245,0,,0,,0,0,False,False,False,False
vllm_claude_sonnet45-0a51aaa8,vllm_bedrock_sonnet45-0008,8,vllm_core,success,trae,TRAE-Bedrock,vLLM,517.0805113315582,0,147.38952803611755,1,12.0,1,0,True,False,True,False
vllm_claude_sonnet45-0a51aaa8,vllm_bedrock_sonnet45-0030,30,vllm_core,error,trae,TRAE-Bedrock,vLLM,188.87159752845764,0,,0,,0,0,False,False,False,False
vllm_claude_sonnet45-0a51aaa8,vllm_bedrock_sonnet45-0006,6,vllm_core,success,trae,TRAE-Bedrock,vLLM,741.7509670257568,0,431.2078049182892,1,30.0,1,0,True,False,True,False
vllm_claude_sonnet45-0a51aaa8,vllm_bedrock_sonnet45-0039,39,vllm_core,error,trae,TRAE-Bedrock,vLLM,164.88729166984558,0,,0,,0,0,False,False,False,False
vllm_claude_sonnet45-0a51aaa8,vllm_bedrock_sonnet45-0001,1,vllm_core,success,trae,TRAE-Bedrock,vLLM,567.052832365036,0,248.7055742740631,1,54.0,1,0,True,False,True,False
vllm_claude_sonnet45-0a51aaa8,vllm_bedrock_sonnet45-0055,55,vllm_core,error,trae,TRAE-Bedrock,vLLM,156.8720417022705,0,,0,,0,0,False,False,False,False
vllm_claude_sonnet45-0a51aaa8,vllm_bedrock_sonnet45-0099,99,vllm_core,error,trae,TRAE-Bedrock,vLLM,137.8511939048767,0,,0,,0,0,False,False,False,False
vllm_claude_sonnet45-0a51aaa8,vllm_bedrock_sonnet45-0052,52,vllm_core,error,trae,TRAE-Bedrock,vLLM,144.80313229560852,0,,0,,0,0,False,False,False,False
vllm_claude_sonnet45-0a51aaa8,vllm_bedrock_sonnet45-0064,64,vllm_core,error,trae,TRAE-Bedrock,vLLM,158.90346908569336,0,,0,,0,0,False,False,False,False
vllm_claude_sonnet45-0a51aaa8,vllm_bedrock_sonnet45-0090,90,vllm_core,error,trae,TRAE-Bedrock,vLLM,172.80777311325073,0,,0,,0,0,False,False,False,False
vllm_claude_sonnet45-0a51aaa8,vllm_bedrock_sonnet45-0097,97,vllm_core,error,trae,TRAE-Bedrock,vLLM,164.8922679424286,0,,0,,0,0,False,False,False,False
vllm_claude_sonnet45-0a51aaa8,vllm_bedrock_sonnet45-0063,63,vllm_core,error,trae,TRAE-Bedrock,vLLM,150.82656598091125,0,,0,,0,0,False,False,False,False
vllm_claude_sonnet45-0a51aaa8,vllm_bedrock_sonnet45-0041,41,vllm_core,error,trae,TRAE-Bedrock,vLLM,170.86101269721985,0,,0,,0,0,False,False,False,False
vllm_claude_sonnet45-0a51aaa8,vllm_bedrock_sonnet45-0046,46,vllm_core,error,trae,TRAE-Bedrock,vLLM,160.90794730186462,0,,0,,0,0,False,False,False,False
vllm_claude_sonnet45-0a51aaa8,vllm_bedrock_sonnet45-0079,79,vllm_core,error,trae,TRAE-Bedrock,vLLM,194.7679727077484,0,,0,,0,0,False,False,False,False
vllm_claude_sonnet45-0a51aaa8,vllm_bedrock_sonnet45-0070,70,vllm_core,error,trae,TRAE-Bedrock,vLLM,145.85265278816223,0,,0,,0,0,False,False,False,False
vllm_claude_sonnet45-0a51aaa8,vllm_bedrock_sonnet45-0084,84,vllm_core,error,trae,TRAE-Bedrock,vLLM,136.90080285072327,0,,0,,0,0,False,False,False,False
vllm_claude_sonnet45-0a51aaa8,vllm_bedrock_sonnet45-0083,83,vllm_core,error,trae,TRAE-Bedrock,vLLM,191.84514498710632,0,,0,,0,0,False,False,False,False
vllm_claude_sonnet45-0a51aaa8,vllm_bedrock_sonnet45-0077,77,vllm_core,error,trae,TRAE-Bedrock,vLLM,158.872567653656,0,,0,,0,0,False,False,False,False
vllm_claude_sonnet45-0a51aaa8,vllm_bedrock_sonnet45-0048,48,vllm_core,error,trae,TRAE-Bedrock,vLLM,109.8100802898407,0,,0,,0,0,False,False,False,False
vllm_claude_sonnet45-0a51aaa8,vllm_bedrock_sonnet45-0023,23,vllm_core,success,trae,TRAE-Bedrock,vLLM,419.56638503074646,0,172.47473764419556,1,130.0,3,0,True,False,True,False
vllm_claude_sonnet45-0a51aaa8,vllm_bedrock_sonnet45-0024,24,vllm_core,success,trae,TRAE-Bedrock,vLLM,596.3869869709015,0,305.86249470710754,1,28.0,2,0,True,False,True,False
vllm_claude_sonnet45-0a51aaa8,vllm_bedrock_sonnet45-0012,12,vllm_core,success,trae,TRAE-Bedrock,vLLM,752.584130525589,0,385.0619685649872,1,97.0,3,0,True,False,True,False
vllm_claude_sonnet45-0a51aaa8,vllm_bedrock_sonnet45-0015,15,vllm_core,success,trae,TRAE-Bedrock,vLLM,974.7349848747253,0,590.6540267467499,1,18.0,3,0,True,False,True,False
vllm_claude_sonnet45-0a51aaa8,vllm_bedrock_sonnet45-0076,76,vllm_core,error,trae,TRAE-Bedrock,vLLM,209.84944319725037,0,,0,,0,0,False,False,False,False
vllm_claude_sonnet45-0a51aaa8,vllm_bedrock_sonnet45-0082,82,vllm_core,error,trae,TRAE-Bedrock,vLLM,173.8054916858673,0,,0,,0,0,False,False,False,False
vllm_claude_sonnet45-0a51aaa8,vllm_bedrock_sonnet45-0049,49,vllm_core,error,trae,TRAE-Bedrock,vLLM,122.79035425186157,0,,0,,0,0,False,False,False,False
vllm_claude_sonnet45-0a51aaa8,vllm_bedrock_sonnet45-0085,85,vllm_core,error,trae,TRAE-Bedrock,vLLM,162.84826803207397,0,,0,,0,0,False,False,False,False
vllm_claude_sonnet45-0a51aaa8,vllm_bedrock_sonnet45-0071,71,vllm_core,error,trae,TRAE-Bedrock,vLLM,91.88612937927246,0,,0,,0,0,False,False,False,False
vllm_claude_sonnet45-0a51aaa8,vllm_bedrock_sonnet45-0047,47,vllm_core,error,trae,TRAE-Bedrock,vLLM,206.77167582511902,0,,0,,0,0,False,False,False,False
vllm_claude_sonnet45-0a51aaa8,vllm_bedrock_sonnet45-0078,78,vllm_core,error,trae,TRAE-Bedrock,vLLM,183.81024312973022,0,,0,,0,0,False,False,False,False
vllm_claude_sonnet45-0a51aaa8,vllm_bedrock_sonnet45-0040,40,vllm_core,error,trae,TRAE-Bedrock,vLLM,232.788147687912,0,,0,,0,0,False,False,False,False
vllm_claude_sonnet45-0a51aaa8,vllm_bedrock_sonnet45-0014,14,vllm_core,error,trae,TRAE-Bedrock,vLLM,216.11934995651245,0,,0,9.0,0,0,False,False,False,False
vllm_claude_sonnet45-0a51aaa8,vllm_bedrock_sonnet45-0013,13,vllm_core,error,trae,TRAE-Bedrock,vLLM,221.60111951828003,0,,0,2.0,0,0,False,False,False,False
vllm_claude_sonnet45-0a51aaa8,vllm_bedrock_sonnet45-0025,25,vllm_core,error,trae,TRAE-Bedrock,vLLM,210.82769393920898,0,,0,,0,0,False,False,False,False
vllm_claude_sonnet45-0a51aaa8,vllm_bedrock_sonnet45-0022,22,vllm_core,success,trae,TRAE-Bedrock,vLLM,491.5682182312012,0,105.29238891601562,1,35.0,2,0,True,False,True,False
vllm_claude_sonnet45-0a51aaa8,vllm_bedrock_sonnet45-0059,59,vllm_core,error,trae,TRAE-Bedrock,vLLM,173.84223294258118,0,,0,,0,0,False,False,False,False
vllm_claude_sonnet45-0a51aaa8,vllm_bedrock_sonnet45-0092,92,vllm_core,error,trae,TRAE-Bedrock,vLLM,170.8455045223236,0,,0,,0,0,False,False,False,False
vllm_claude_sonnet45-0a51aaa8,vllm_bedrock_sonnet45-0066,66,vllm_core,error,trae,TRAE-Bedrock,vLLM,191.89877438545227,0,,0,,0,0,False,False,False,False
vllm_claude_sonnet45-0a51aaa8,vllm_bedrock_sonnet45-0061,61,vllm_core,error,trae,TRAE-Bedrock,vLLM,179.9186692237854,0,,0,,0,0,False,False,False,False
vllm_claude_sonnet45-0a51aaa8,vllm_bedrock_sonnet45-0095,95,vllm_core,error,trae,TRAE-Bedrock,vLLM,133.84814381599426,0,,0,,0,0,False,False,False,False
vllm_claude_sonnet45-0a51aaa8,vllm_bedrock_sonnet45-0068,68,vllm_core,error,trae,TRAE-Bedrock,vLLM,201.7702136039734,0,,0,,0,0,False,False,False,False
vllm_claude_sonnet45-0a51aaa8,vllm_bedrock_sonnet45-0057,57,vllm_core,error,trae,TRAE-Bedrock,vLLM,179.85151863098145,0,,0,,0,0,False,False,False,False
vllm_claude_sonnet45-0a51aaa8,vllm_bedrock_sonnet45-0050,50,vllm_core,error,trae,TRAE-Bedrock,vLLM,203.7914378643036,0,,0,,0,0,False,False,False,False
vllm_claude_sonnet45-0a51aaa8,vllm_bedrock_sonnet45-0004,4,vllm_core,error,trae,TRAE-Bedrock,vLLM,222.45194292068481,0,,0,,0,0,False,False,False,False
vllm_claude_sonnet45-0a51aaa8,vllm_bedrock_sonnet45-0003,3,vllm_core,error,trae,TRAE-Bedrock,vLLM,204.00236558914185,0,,0,,0,0,False,False,False,False
vllm_claude_sonnet45-0a51aaa8,vllm_bedrock_sonnet45-0035,35,vllm_core,error,trae,TRAE-Bedrock,vLLM,194.85829710960388,0,,0,,0,0,False,False,False,False
vllm_claude_sonnet45-0a51aaa8,vllm_bedrock_sonnet45-0032,32,vllm_core,error,trae,TRAE-Bedrock,vLLM,145.74063992500305,0,,0,,0,0,False,False,False,False
vllm_claude_sonnet45-0a51aaa8,vllm_bedrock_sonnet45-0051,51,vllm_core,error,trae,TRAE-Bedrock,vLLM,137.84958934783936,0,,0,,0,0,False,False,False,False
vllm_claude_sonnet45-0a51aaa8,vllm_bedrock_sonnet45-0069,69,vllm_core,error,trae,TRAE-Bedrock,vLLM,117.89067673683167,0,,0,,0,0,False,False,False,False
vllm_claude_sonnet45-0a51aaa8,vllm_bedrock_sonnet45-0056,56,vllm_core,error,trae,TRAE-Bedrock,vLLM,189.8009729385376,0,,0,,0,0,False,False,False,False
vllm_claude_sonnet45-0a51aaa8,vllm_bedrock_sonnet45-0094,94,vllm_core,error,trae,TRAE-Bedrock,vLLM,178.8325972557068,0,,0,,0,0,False,False,False,False
vllm_claude_sonnet45-0a51aaa8,vllm_bedrock_sonnet45-0060,60,vllm_core,error,trae,TRAE-Bedrock,vLLM,119.88317918777466,0,,0,,0,0,False,False,False,False
vllm_claude_sonnet45-0a51aaa8,vllm_bedrock_sonnet45-0058,58,vllm_core,error,trae,TRAE-Bedrock,vLLM,191.842125415802,0,,0,,0,0,False,False,False,False
vllm_claude_sonnet45-0a51aaa8,vllm_bedrock_sonnet45-0067,67,vllm_core,error,trae,TRAE-Bedrock,vLLM,173.7960569858551,0,,0,,0,0,False,False,False,False
vllm_claude_sonnet45-0a51aaa8,vllm_bedrock_sonnet45-0093,93,vllm_core,error,trae,TRAE-Bedrock,vLLM,200.84409260749817,0,,0,,0,0,False,False,False,False
vllm_claude_sonnet45-0a51aaa8,vllm_bedrock_sonnet45-0033,33,vllm_core,error,trae,TRAE-Bedrock,vLLM,171.92391085624695,0,,0,,0,0,False,False,False,False
vllm_claude_sonnet45-0a51aaa8,vllm_bedrock_sonnet45-0034,34,vllm_core,error,trae,TRAE-Bedrock,vLLM,205.84640979766846,0,,0,,0,0,False,False,False,False
vllm_claude_sonnet45-0a51aaa8,vllm_bedrock_sonnet45-0002,2,vllm_core,success,trae,TRAE-Bedrock,vLLM,278.9296748638153,0,76.21831703186035,1,10.0,3,0,True,False,True,False
vllm_claude_sonnet45-0a51aaa8,vllm_bedrock_sonnet45-0005,5,vllm_core,success,trae,TRAE-Bedrock,vLLM,668.1678256988525,0,363.9818024635315,1,38.0,6,0,True,False,True,False
vllm_claude_sonnet45-0a51aaa8,vllm_bedrock_sonnet45-0018,18,vllm_core,success,trae,TRAE-Bedrock,vLLM,843.3761813640594,0,497.34355545043945,1,106.0,2,0,True,False,True,False
vllm_claude_sonnet45-0a51aaa8,vllm_bedrock_sonnet45-0027,27,vllm_core,error,trae,TRAE-Bedrock,vLLM,159.86758947372437,0,,0,,0,0,False,False,False,False
vllm_claude_sonnet45-0a51aaa8,vllm_bedrock_sonnet45-0020,20,vllm_core,success,trae,TRAE-Bedrock,vLLM,487.31655049324036,0,188.54646730422974,1,42.0,2,0,True,False,True,False
vllm_claude_sonnet45-0a51aaa8,vllm_bedrock_sonnet45-0029,29,vllm_core,error,trae,TRAE-Bedrock,vLLM,159.7948055267334,0,,0,,0,0,False,False,False,False
vllm_claude_sonnet45-0a51aaa8,vllm_bedrock_sonnet45-0016,16,vllm_core,error,trae,TRAE-Bedrock,vLLM,630.458899974823,0,,0,51.0,0,0,False,False,False,False
vllm_claude_sonnet45-0a51aaa8,vllm_bedrock_sonnet45-0011,11,vllm_core,error,trae,TRAE-Bedrock,vLLM,473.04459619522095,0,,0,30.0,0,0,False,False,False,False
vllm_claude_sonnet45-0a51aaa8,vllm_bedrock_sonnet45-0045,45,vllm_core,error,trae,TRAE-Bedrock,vLLM,194.96287083625793,0,,0,,0,0,False,False,False,False
vllm_claude_sonnet45-0a51aaa8,vllm_bedrock_sonnet45-0042,42,vllm_core,error,trae,TRAE-Bedrock,vLLM,156.82581329345703,0,,0,,0,0,False,False,False,False
vllm_claude_sonnet45-0a51aaa8,vllm_bedrock_sonnet45-0089,89,vllm_core,error,trae,TRAE-Bedrock,vLLM,173.88448357582092,0,,0,,0,0,False,False,False,False
vllm_claude_sonnet45-0a51aaa8,vllm_bedrock_sonnet45-0080,80,vllm_core,error,trae,TRAE-Bedrock,vLLM,159.7895803451538,0,,0,,0,0,False,False,False,False
vllm_claude_sonnet45-0a51aaa8,vllm_bedrock_sonnet45-0074,74,vllm_core,error,trae,TRAE-Bedrock,vLLM,148.90964341163635,0,,0,,0,0,False,False,False,False
vllm_claude_sonnet45-0a51aaa8,vllm_bedrock_sonnet45-0073,73,vllm_core,error,trae,TRAE-Bedrock,vLLM,137.84959816932678,0,,0,,0,0,False,False,False,False
vllm_claude_sonnet45-0a51aaa8,vllm_bedrock_sonnet45-0087,87,vllm_core,error,trae,TRAE-Bedrock,vLLM,151.89640164375305,0,,0,,0,0,False,False,False,False
vllm_claude_sonnet45-0a51aaa8,vllm_bedrock_sonnet45-0010,10,vllm_core,success,trae,TRAE-Bedrock,vLLM,346.8926131725311,0,101.27974557876587,1,13.0,1,0,True,False,True,False
vllm_claude_sonnet45-0a51aaa8,vllm_bedrock_sonnet45-0028,28,vllm_core,error,trae,TRAE-Bedrock,vLLM,207.7934010028839,0,,0,,0,0,False,False,False,False
vllm_claude_sonnet45-0a51aaa8,vllm_bedrock_sonnet45-0017,17,vllm_core,success,trae,TRAE-Bedrock,vLLM,328.8242087364197,0,105.28697419166565,1,13.0,2,0,True,False,True,False
vllm_claude_sonnet45-0a51aaa8,vllm_bedrock_sonnet45-0021,21,vllm_core,success,trae,TRAE-Bedrock,vLLM,785.9359035491943,0,422.21341371536255,1,25.0,1,0,True,False,True,False
vllm_claude_sonnet45-0a51aaa8,vllm_bedrock_sonnet45-0019,19,vllm_core,success,trae,TRAE-Bedrock,vLLM,651.2747225761414,0,352.1693766117096,1,120.0,3,0,True,False,True,False
vllm_claude_sonnet45-0a51aaa8,vllm_bedrock_sonnet45-0026,26,vllm_core,error,trae,TRAE-Bedrock,vLLM,175.8903205394745,0,,0,,0,0,False,False,False,False
vllm_claude_sonnet45-0a51aaa8,vllm_bedrock_sonnet45-0086,86,vllm_core,error,trae,TRAE-Bedrock,vLLM,172.8156235218048,0,,0,,0,0,False,False,False,False
vllm_claude_sonnet45-0a51aaa8,vllm_bedrock_sonnet45-0072,72,vllm_core,error,trae,TRAE-Bedrock,vLLM,147.945214509964,0,,0,,0,0,False,False,False,False
vllm_claude_sonnet45-0a51aaa8,vllm_bedrock_sonnet45-0075,75,vllm_core,error,trae,TRAE-Bedrock,vLLM,177.82266497612,0,,0,,0,0,False,False,False,False
vllm_claude_sonnet45-0a51aaa8,vllm_bedrock_sonnet45-0081,81,vllm_core,error,trae,TRAE-Bedrock,vLLM,175.84087204933167,0,,0,,0,0,False,False,False,False
vllm_claude_sonnet45-0a51aaa8,vllm_bedrock_sonnet45-0043,43,vllm_core,error,trae,TRAE-Bedrock,vLLM,185.77931308746338,0,,0,,0,0,False,False,False,False
vllm_claude_sonnet45-0a51aaa8,vllm_bedrock_sonnet45-0088,88,vllm_core,error,trae,TRAE-Bedrock,vLLM,142.9495494365692,0,,0,,0,0,False,False,False,False
vllm_claude_sonnet45-0a51aaa8,vllm_bedrock_sonnet45-0044,44,vllm_core,error,trae,TRAE-Bedrock,vLLM,138.83115220069885,0,,0,,0,0,False,False,False,False
vllm_claude_sonnet45_retry-5d58acda,vllm_bedrock_sonnet45-0038,38,vllm_core,success,trae,TRAE-Bedrock,vLLM,480.75462317466736,0,241.71053838729858,1,22.0,1,0,True,False,True,False
vllm_claude_sonnet45_retry-5d58acda,vllm_bedrock_sonnet45-0031,31,vllm_core,success,trae,TRAE-Bedrock,vLLM,348.0694274902344,0,111.3162944316864,1,4.0,1,0,True,False,True,False
vllm_claude_sonnet45_retry-5d58acda,vllm_bedrock_sonnet45-0036,36,vllm_core,success,trae,TRAE-Bedrock,vLLM,288.59499764442444,0,120.33033609390259,1,13.0,2,0,True,False,True,False
vllm_claude_sonnet45_retry-5d58acda,vllm_bedrock_sonnet45-0009,9,vllm_core,error,trae,TRAE-Bedrock,vLLM,297.4923312664032,0,,0,13.0,0,0,False,False,False,False
vllm_claude_sonnet45_retry-5d58acda,vllm_bedrock_sonnet45-0062,62,vllm_core,success,trae,TRAE-Bedrock,vLLM,1014.3382868766785,0,604.6841721534729,1,23.0,2,0,True,False,True,False
vllm_claude_sonnet45_retry-5d58acda,vllm_bedrock_sonnet45-0096,96,vllm_core,error,trae,TRAE-Bedrock,vLLM,204.90902543067932,0,,0,,0,0,False,False,False,False
vllm_claude_sonnet45_retry-5d58acda,vllm_bedrock_sonnet45-0091,91,vllm_core,error,trae,TRAE-Bedrock,vLLM,191.87691950798035,0,,0,,0,0,False,False,False,False
vllm_claude_sonnet45_retry-5d58acda,vllm_bedrock_sonnet45-0065,65,vllm_core,success,trae,TRAE-Bedrock,vLLM,415.2095651626587,0,157.4470717906952,1,4.0,1,0,True,False,True,False
vllm_claude_sonnet45_retry-5d58acda,vllm_bedrock_sonnet45-0098,98,vllm_core,error,trae,TRAE-Bedrock,vLLM,208.9083902835846,0,,0,,0,0,False,False,False,False
vllm_claude_sonnet45_retry-5d58acda,vllm_bedrock_sonnet45-0053,53,vllm_core,success,trae,TRAE-Bedrock,vLLM,359.07169127464294,0,127.35545063018799,1,15.0,1,0,True,False,True,False
vllm_claude_sonnet45_retry-5d58acda,vllm_bedrock_sonnet45-0054,54,vllm_core,success,trae,TRAE-Bedrock,vLLM,1067.4669013023376,0,818.293399810791,1,68.0,3,0,True,False,True,False
vllm_claude_sonnet45_retry-5d58acda,vllm_bedrock_sonnet45-0037,37,vllm_core,error,trae,TRAE-Bedrock,vLLM,311.88483786582947,0,,0,40.0,0,0,False,False,False,False
vllm_claude_sonnet45_retry-5d58acda,vllm_bedrock_sonnet45-0030,30,vllm_core,error,trae,TRAE-Bedrock,vLLM,312.8067820072174,0,,0,44.0,0,0,False,False,False,False
vllm_claude_sonnet45_retry-5d58acda,vllm_bedrock_sonnet45-0039,39,vllm_core,success,trae,TRAE-Bedrock,vLLM,400.9540231227875,0,120.33872032165527,1,25.0,1,0,True,False,True,False
vllm_claude_sonnet45_retry-5d58acda,vllm_bedrock_sonnet45-0055,55,vllm_core,error,trae,TRAE-Bedrock,vLLM,221.3312828540802,0,,0,27.0,0,0,False,False,False,False
vllm_claude_sonnet45_retry-5d58acda,vllm_bedrock_sonnet45-0099,99,vllm_core,error,trae,TRAE-Bedrock,vLLM,182.87345051765442,0,,0,,0,0,False,False,False,False
vllm_claude_sonnet45_retry-5d58acda,vllm_bedrock_sonnet45-0052,52,vllm_core,success,trae,TRAE-Bedrock,vLLM,697.8724181652069,0,454.2552967071533,1,158.0,3,0,True,False,True,False
vllm_claude_sonnet45_retry-5d58acda,vllm_bedrock_sonnet45-0064,64,vllm_core,success,trae,TRAE-Bedrock,vLLM,400.97119784355164,0,184.52903604507446,1,29.0,1,0,True,False,True,False
vllm_claude_sonnet45_retry-5d58acda,vllm_bedrock_sonnet45-0090,90,vllm_core,error,trae,TRAE-Bedrock,vLLM,218.83104538917542,0,,0,,0,0,False,False,False,False
vllm_claude_sonnet45_retry-5d58acda,vllm_bedrock_sonnet45-0097,97,vllm_core,error,trae,TRAE-Bedrock,vLLM,114.90164542198181,0,,0,,0,0,False,False,False,False
vllm_claude_sonnet45_retry-5d58acda,vllm_bedrock_sonnet45-0063,63,vllm_core,success,trae,TRAE-Bedrock,vLLM,754.4383625984192,0,379.0491580963135,1,61.0,7,0,True,False,True,False
vllm_claude_sonnet45_retry-5d58acda,vllm_bedrock_sonnet45-0041,41,vllm_core,success,trae,TRAE-Bedrock,vLLM,1034.0201487541199,0,714.9609968662262,1,55.0,9,0,True,False,True,False
vllm_claude_sonnet45_retry-5d58acda,vllm_bedrock_sonnet45-0046,46,vllm_core,error,trae,TRAE-Bedrock,vLLM,232.38841891288757,0,,0,,0,0,False,False,False,False
vllm_claude_sonnet45_retry-5d58acda,vllm_bedrock_sonnet45-0079,79,vllm_core,error,trae,TRAE-Bedrock,vLLM,201.92098426818848,0,,0,,0,0,False,False,False,False
vllm_claude_sonnet45_retry-5d58acda,vllm_bedrock_sonnet45-0070,70,vllm_core,success,trae,TRAE-Bedrock,vLLM,987.5866405963898,0,645.8459606170654,1,31.0,4,0,True,False,True,False
vllm_claude_sonnet45_retry-5d58acda,vllm_bedrock_sonnet45-0084,84,vllm_core,error,trae,TRAE-Bedrock,vLLM,146.90266704559326,0,,0,,0,0,False,False,False,False
vllm_claude_sonnet45_retry-5d58acda,vllm_bedrock_sonnet45-0083,83,vllm_core,error,trae,TRAE-Bedrock,vLLM,154.88676381111145,0,,0,,0,0,False,False,False,False
vllm_claude_sonnet45_retry-5d58acda,vllm_bedrock_sonnet45-0077,77,vllm_core,success,trae,TRAE-Bedrock,vLLM,356.99822187423706,0,139.39047360420227,1,29.0,1,0,True,False,True,False
vllm_claude_sonnet45_retry-5d58acda,vllm_bedrock_sonnet45-0048,48,vllm_core,success,trae,TRAE-Bedrock,vLLM,272.34254932403564,0,71.21045732498169,1,2.0,1,0,True,False,True,False
vllm_claude_sonnet45_retry-5d58acda,vllm_bedrock_sonnet45-0076,76,vllm_core,error,trae,TRAE-Bedrock,vLLM,242.9918975830078,0,,0,,0,0,False,False,False,False
vllm_claude_sonnet45_retry-5d58acda,vllm_bedrock_sonnet45-0082,82,vllm_core,error,trae,TRAE-Bedrock,vLLM,153.86859941482544,0,,0,,0,0,False,False,False,False
vllm_claude_sonnet45_retry-5d58acda,vllm_bedrock_sonnet45-0049,49,vllm_core,success,trae,TRAE-Bedrock,vLLM,694.2106783390045,0,241.66559410095215,1,85.0,2,0,True,False,True,False
vllm_claude_sonnet45_retry-5d58acda,vllm_bedrock_sonnet45-0085,85,vllm_core,error,trae,TRAE-Bedrock,vLLM,172.9196813106537,0,,0,,0,0,False,False,False,False
vllm_claude_sonnet45_retry-5d58acda,vllm_bedrock_sonnet45-0071,71,vllm_core,success,trae,TRAE-Bedrock,vLLM,416.421085357666,0,183.52731323242188,1,16.0,2,0,True,False,True,False
vllm_claude_sonnet45_retry-5d58acda,vllm_bedrock_sonnet45-0047,47,vllm_core,error,trae,TRAE-Bedrock,vLLM,386.9314465522766,0,,0,57.0,0,0,False,False,False,False
vllm_claude_sonnet45_retry-5d58acda,vllm_bedrock_sonnet45-0078,78,vllm_core,success,trae,TRAE-Bedrock,vLLM,1064.0230906009674,0,634.7511360645294,1,209.0,9,0,True,False,True,False
vllm_claude_sonnet45_retry-5d58acda,vllm_bedrock_sonnet45-0040,40,vllm_core,error,trae,TRAE-Bedrock,vLLM,205.8257999420166,0,,0,,0,0,False,False,False,False
vllm_claude_sonnet45_retry-5d58acda,vllm_bedrock_sonnet45-0014,14,vllm_core,error,trae,TRAE-Bedrock,vLLM,430.24449133872986,0,,0,59.0,0,0,False,False,False,False
vllm_claude_sonnet45_retry-5d58acda,vllm_bedrock_sonnet45-0013,13,vllm_core,error,trae,TRAE-Bedrock,vLLM,351.5871515274048,0,,0,2.0,0,0,False,False,False,False
vllm_claude_sonnet45_retry-5d58acda,vllm_bedrock_sonnet45-0025,25,vllm_core,success,trae,TRAE-Bedrock,vLLM,464.98267126083374,0,139.38781905174255,1,16.0,1,0,True,False,True,False
vllm_claude_sonnet45_retry-5d58acda,vllm_bedrock_sonnet45-0059,59,vllm_core,success,trae,TRAE-Bedrock,vLLM,253.83790826797485,0,93.2632110118866,1,4.0,2,0,True,False,True,False
vllm_claude_sonnet45_retry-5d58acda,vllm_bedrock_sonnet45-0092,92,vllm_core,error,trae,TRAE-Bedrock,vLLM,175.8661024570465,0,,0,,0,0,False,False,False,False
vllm_claude_sonnet45_retry-5d58acda,vllm_bedrock_sonnet45-0066,66,vllm_core,success,trae,TRAE-Bedrock,vLLM,659.0477843284607,0,311.87100625038147,1,23.0,2,0,True,False,True,False
vllm_claude_sonnet45_retry-5d58acda,vllm_bedrock_sonnet45-0061,61,vllm_core,success,trae,TRAE-Bedrock,vLLM,323.6688702106476,0,116.32957482337952,1,13.0,1,0,True,False,True,False
vllm_claude_sonnet45_retry-5d58acda,vllm_bedrock_sonnet45-0095,95,vllm_core,error,trae,TRAE-Bedrock,vLLM,151.8490550518036,0,,0,,0,0,False,False,False,False
vllm_claude_sonnet45_retry-5d58acda,vllm_bedrock_sonnet45-0068,68,vllm_core,error,trae,TRAE-Bedrock,vLLM,273.3849587440491,0,,0,146.0,0,0,False,False,False,False
vllm_claude_sonnet45_retry-5d58acda,vllm_bedrock_sonnet45-0057,57,vllm_core,error,trae,TRAE-Bedrock,vLLM,246.8155279159546,0,,0,,0,0,False,False,False,False
vllm_claude_sonnet45_retry-5d58acda,vllm_bedrock_sonnet45-0050,50,vllm_core,success,trae,TRAE-Bedrock,vLLM,758.7818048000336,0,330.93383383750916,1,194.0,8,0,True,False,True,False
vllm_claude_sonnet45_retry-5d58acda,vllm_bedrock_sonnet45-0004,4,vllm_core,error,trae,TRAE-Bedrock,vLLM,324.46878695487976,0,,0,32.0,0,0,False,False,False,False
vllm_claude_sonnet45_retry-5d58acda,vllm_bedrock_sonnet45-0003,3,vllm_core,error,trae,TRAE-Bedrock,vLLM,226.17600917816162,0,,0,,0,0,False,False,False,False
vllm_claude_sonnet45_retry-5d58acda,vllm_bedrock_sonnet45-0035,35,vllm_core,success,trae,TRAE-Bedrock,vLLM,473.1599187850952,0,157.4303331375122,1,5.0,1,0,True,False,True,False
vllm_claude_sonnet45_retry-5d58acda,vllm_bedrock_sonnet45-0032,32,vllm_core,error,trae,TRAE-Bedrock,vLLM,188.7891137599945,0,,0,,0,0,False,False,False,False
vllm_claude_sonnet45_retry-5d58acda,vllm_bedrock_sonnet45-0051,51,vllm_core,success,trae,TRAE-Bedrock,vLLM,575.973247051239,0,258.7275547981262,1,32.0,1,0,True,False,True,False
vllm_claude_sonnet45_retry-5d58acda,vllm_bedrock_sonnet45-0069,69,vllm_core,error,trae,TRAE-Bedrock,vLLM,220.90197110176086,0,,0,,0,0,False,False,False,False
vllm_claude_sonnet45_retry-5d58acda,vllm_bedrock_sonnet45-0056,56,vllm_core,success,trae,TRAE-Bedrock,vLLM,457.3677296638489,0,248.69200825691223,1,43.0,4,0,True,False,True,False
vllm_claude_sonnet45_retry-5d58acda,vllm_bedrock_sonnet45-0094,94,vllm_core,error,trae,TRAE-Bedrock,vLLM,189.87101936340332,0,,0,,0,0,False,False,False,False
vllm_claude_sonnet45_retry-5d58acda,vllm_bedrock_sonnet45-0060,60,vllm_core,success,trae,TRAE-Bedrock,vLLM,504.34508061408997,0,241.67714834213257,1,18.0,1,0,True,False,True,False
vllm_claude_sonnet45_retry-5d58acda,vllm_bedrock_sonnet45-0058,58,vllm_core,error,trae,TRAE-Bedrock,vLLM,236.01740384101868,0,,0,,0,0,False,False,False,False
vllm_claude_sonnet45_retry-5d58acda,vllm_bedrock_sonnet45-0067,67,vllm_core,error,trae,TRAE-Bedrock,vLLM,256.9555780887604,0,,0,,0,0,False,False,False,False
vllm_claude_sonnet45_retry-5d58acda,vllm_bedrock_sonnet45-0093,93,vllm_core,error,trae,TRAE-Bedrock,vLLM,147.86744594573975,0,,0,,0,0,False,False,False,False
vllm_claude_sonnet45_retry-5d58acda,vllm_bedrock_sonnet45-0033,33,vllm_core,error,trae,TRAE-Bedrock,vLLM,220.90206718444824,0,,0,,0,0,False,False,False,False
vllm_claude_sonnet45_retry-5d58acda,vllm_bedrock_sonnet45-0034,34,vllm_core,success,trae,TRAE-Bedrock,vLLM,905.336841583252,0,572.582602262497,1,53.0,6,0,True,False,True,False
vllm_claude_sonnet45_retry-5d58acda,vllm_bedrock_sonnet45-0027,27,vllm_core,error,trae,TRAE-Bedrock,vLLM,225.2108187675476,0,,0,8.0,0,0,False,False,False,False
vllm_claude_sonnet45_retry-5d58acda,vllm_bedrock_sonnet45-0029,29,vllm_core,success,trae,TRAE-Bedrock,vLLM,351.55073499679565,0,151.42015886306763,1,6.0,1,0,True,False,True,False
vllm_claude_sonnet45_retry-5d58acda,vllm_bedrock_sonnet45-0016,16,vllm_core,error,trae,TRAE-Bedrock,vLLM,418.7045319080353,0,,0,65.0,0,0,False,False,False,False
vllm_claude_sonnet45_retry-5d58acda,vllm_bedrock_sonnet45-0011,11,vllm_core,error,trae,TRAE-Bedrock,vLLM,328.0120577812195,0,,0,30.0,0,0,False,False,False,False
vllm_claude_sonnet45_retry-5d58acda,vllm_bedrock_sonnet45-0045,45,vllm_core,success,trae,TRAE-Bedrock,vLLM,994.6320195198059,0,685.9182846546173,1,73.0,4,0,True,False,True,False
vllm_claude_sonnet45_retry-5d58acda,vllm_bedrock_sonnet45-0042,42,vllm_core,success,trae,TRAE-Bedrock,vLLM,371.9790256023407,0,132.36387419700623,1,19.0,1,0,True,False,True,False
vllm_claude_sonnet45_retry-5d58acda,vllm_bedrock_sonnet45-0089,89,vllm_core,error,trae,TRAE-Bedrock,vLLM,158.88438296318054,0,,0,,0,0,False,False,False,False
vllm_claude_sonnet45_retry-5d58acda,vllm_bedrock_sonnet45-0080,80,vllm_core,error,trae,TRAE-Bedrock,vLLM,175.85142755508423,0,,0,,0,0,False,False,False,False
vllm_claude_sonnet45_retry-5d58acda,vllm_bedrock_sonnet45-0074,74,vllm_core,error,trae,TRAE-Bedrock,vLLM,388.7230408191681,0,,0,15.0,0,0,False,False,False,False
vllm_claude_sonnet45_retry-5d58acda,vllm_bedrock_sonnet45-0073,73,vllm_core,success,trae,TRAE-Bedrock,vLLM,1024.7228271961212,0,581.610098361969,1,256.0,4,0,True,False,True,False
vllm_claude_sonnet45_retry-5d58acda,vllm_bedrock_sonnet45-0087,87,vllm_core,error,trae,TRAE-Bedrock,vLLM,182.86719346046448,0,,0,,0,0,False,False,False,False
vllm_claude_sonnet45_retry-5d58acda,vllm_bedrock_sonnet45-0028,28,vllm_core,success,trae,TRAE-Bedrock,vLLM,672.7445726394653,0,401.0999903678894,1,38.0,3,0,True,False,True,False
vllm_claude_sonnet45_retry-5d58acda,vllm_bedrock_sonnet45-0026,26,vllm_core,success,trae,TRAE-Bedrock,vLLM,455.5648798942566,0,162.4562704563141,1,16.0,1,0,True,False,True,False
vllm_claude_sonnet45_retry-5d58acda,vllm_bedrock_sonnet45-0086,86,vllm_core,error,trae,TRAE-Bedrock,vLLM,188.8533160686493,0,,0,,0,0,False,False,False,False
vllm_claude_sonnet45_retry-5d58acda,vllm_bedrock_sonnet45-0072,72,vllm_core,success,trae,TRAE-Bedrock,vLLM,544.4679024219513,0,217.60937476158142,1,40.0,2,0,True,False,True,False
vllm_claude_sonnet45_retry-5d58acda,vllm_bedrock_sonnet45-0075,75,vllm_core,error,trae,TRAE-Bedrock,vLLM,166.52892518043518,0,,0,,0,0,False,False,False,False
vllm_claude_sonnet45_retry-5d58acda,vllm_bedrock_sonnet45-0081,81,vllm_core,error,trae,TRAE-Bedrock,vLLM,144.86490488052368,0,,0,,0,0,False,False,False,False
vllm_claude_sonnet45_retry-5d58acda,vllm_bedrock_sonnet45-0043,43,vllm_core,success,trae,TRAE-Bedrock,vLLM,391.10214257240295,0,192.53940081596375,1,84.0,1,0,True,False,True,False
vllm_claude_sonnet45_retry-5d58acda,vllm_bedrock_sonnet45-0088,88,vllm_core,error,trae,TRAE-Bedrock,vLLM,130.9121012687683,0,,0,,0,0,False,False,False,False
vllm_claude_sonnet45_retry-5d58acda,vllm_bedrock_sonnet45-0044,44,vllm_core,success,trae,TRAE-Bedrock,vLLM,768.7166357040405,0,453.26155185699463,1,25.0,3,0,True,False,True,False
vllm_core-84ca0ad4,vllm_core-0006,6,vllm_core,error,trae,TRAE-GPT,vLLM,1.6276991367340088,1,,0,,0,0,False,False,False,False
vllm_core-84ca0ad4,vllm_core-0001,1,vllm_core,error,trae,TRAE-GPT,vLLM,1.6529171466827393,1,,0,,0,0,False,False,False,False
vllm_core-84ca0ad4,vllm_core-0008,8,vllm_core,error,trae,TRAE-GPT,vLLM,1.6310977935791016,1,,0,,0,0,False,False,False,False
vllm_core-84ca0ad4,vllm_core-0064,64,vllm_core,error,trae,TRAE-GPT,vLLM,1.6306488513946533,1,,0,,0,0,False,False,False,False
vllm_core-84ca0ad4,vllm_core-0063,63,vllm_core,error,trae,TRAE-GPT,vLLM,1.623108148574829,1,,0,,0,0,False,False,False,False
vllm_core-84ca0ad4,vllm_core-0055,55,vllm_core,error,trae,TRAE-GPT,vLLM,1.668473482131958,1,,0,,0,0,False,False,False,False
vllm_core-84ca0ad4,vllm_core-0052,52,vllm_core,error,trae,TRAE-GPT,vLLM,1.6356265544891357,1,,0,,0,0,False,False,False,False
vllm_core-84ca0ad4,vllm_core-0007,7,vllm_core,error,trae,TRAE-GPT,vLLM,1.6467113494873047,1,,0,,0,0,False,False,False,False
vllm_core-84ca0ad4,vllm_core-0053,53,vllm_core,error,trae,TRAE-GPT,vLLM,1.6324796676635742,1,,0,,0,0,False,False,False,False
vllm_core-84ca0ad4,vllm_core-0054,54,vllm_core,error,trae,TRAE-GPT,vLLM,1.6420154571533203,1,,0,,0,0,False,False,False,False
vllm_core-84ca0ad4,vllm_core-0062,62,vllm_core,error,trae,TRAE-GPT,vLLM,1.653728723526001,1,,0,,0,0,False,False,False,False
vllm_core-84ca0ad4,vllm_core-0065,65,vllm_core,error,trae,TRAE-GPT,vLLM,1.6436035633087158,1,,0,,0,0,False,False,False,False
vllm_core-84ca0ad4,vllm_core-0047,47,vllm_core,error,trae,TRAE-GPT,vLLM,1.6300666332244873,1,,0,,0,0,False,False,False,False
vllm_core-84ca0ad4,vllm_core-0078,78,vllm_core,error,trae,TRAE-GPT,vLLM,1.6658475399017334,1,,0,,0,0,False,False,False,False
vllm_core-84ca0ad4,vllm_core-0076,76,vllm_core,error,trae,TRAE-GPT,vLLM,1.6661145687103271,1,,0,,0,0,False,False,False,False
vllm_core-84ca0ad4,vllm_core-0049,49,vllm_core,error,trae,TRAE-GPT,vLLM,1.6380984783172607,1,,0,,0,0,False,False,False,False
vllm_core-84ca0ad4,vllm_core-0071,71,vllm_core,error,trae,TRAE-GPT,vLLM,1.6746141910552979,1,,0,,0,0,False,False,False,False
vllm_core-84ca0ad4,vllm_core-0070,70,vllm_core,error,trae,TRAE-GPT,vLLM,1.675610065460205,1,,0,,0,0,False,False,False,False
vllm_core-84ca0ad4,vllm_core-0077,77,vllm_core,error,trae,TRAE-GPT,vLLM,1.642911434173584,1,,0,,0,0,False,False,False,False
vllm_core-84ca0ad4,vllm_core-0048,48,vllm_core,error,trae,TRAE-GPT,vLLM,1.627758264541626,1,,0,,0,0,False,False,False,False
vllm_core-84ca0ad4,vllm_core-0046,46,vllm_core,error,trae,TRAE-GPT,vLLM,1.638317584991455,1,,0,,0,0,False,False,False,False
vllm_core-84ca0ad4,vllm_core-0079,79,vllm_core,error,unknown,unknown,vLLM,0.0,-1,0.0,0,0.0,0,0,False,True,False,False
vllm_core-84ca0ad4,vllm_core-0060,60,vllm_core,error,trae,TRAE-GPT,vLLM,1.6200475692749023,1,,0,,0,0,False,False,False,False
vllm_core-84ca0ad4,vllm_core-0058,58,vllm_core,error,trae,TRAE-GPT,vLLM,1.6457493305206299,1,,0,,0,0,False,False,False,False
vllm_core-84ca0ad4,vllm_core-0067,67,vllm_core,error,trae,TRAE-GPT,vLLM,1.625999927520752,1,,0,,0,0,False,False,False,False
vllm_core-84ca0ad4,vllm_core-0051,51,vllm_core,error,trae,TRAE-GPT,vLLM,1.631023645401001,1,,0,,0,0,False,False,False,False
vllm_core-84ca0ad4,vllm_core-0069,69,vllm_core,error,trae,TRAE-GPT,vLLM,1.6341934204101562,1,,0,,0,0,False,False,False,False
vllm_core-84ca0ad4,vllm_core-0056,56,vllm_core,error,trae,TRAE-GPT,vLLM,1.6441397666931152,1,,0,,0,0,False,False,False,False
vllm_core-84ca0ad4,vllm_core-0005,5,vllm_core,error,trae,TRAE-GPT,vLLM,1.6302638053894043,1,,0,,0,0,False,False,False,False
vllm_core-84ca0ad4,vllm_core-0068,68,vllm_core,error,trae,TRAE-GPT,vLLM,1.6323106288909912,1,,0,,0,0,False,False,False,False
vllm_core-84ca0ad4,vllm_core-0057,57,vllm_core,error,trae,TRAE-GPT,vLLM,1.6384077072143555,1,,0,,0,0,False,False,False,False
vllm_core-84ca0ad4,vllm_core-0050,50,vllm_core,error,trae,TRAE-GPT,vLLM,1.6624212265014648,1,,0,,0,0,False,False,False,False
vllm_core-84ca0ad4,vllm_core-0059,59,vllm_core,error,trae,TRAE-GPT,vLLM,1.636821985244751,1,,0,,0,0,False,False,False,False
vllm_core-84ca0ad4,vllm_core-0066,66,vllm_core,error,trae,TRAE-GPT,vLLM,1.6740097999572754,1,,0,,0,0,False,False,False,False
vllm_core-84ca0ad4,vllm_core-0061,61,vllm_core,error,trae,TRAE-GPT,vLLM,1.6591124534606934,1,,0,,0,0,False,False,False,False
vllm_core-84ca0ad4,vllm_core-0004,4,vllm_core,error,trae,TRAE-GPT,vLLM,1.6321942806243896,1,,0,,0,0,False,False,False,False
vllm_core-84ca0ad4,vllm_core-0003,3,vllm_core,error,trae,TRAE-GPT,vLLM,1.6328377723693848,1,,0,,0,0,False,False,False,False
vllm_core-84ca0ad4,vllm_core-0044,44,vllm_core,error,trae,TRAE-GPT,vLLM,1.629256248474121,1,,0,,0,0,False,False,False,False
vllm_core-84ca0ad4,vllm_core-0072,72,vllm_core,error,trae,TRAE-GPT,vLLM,1.638054609298706,1,,0,,0,0,False,False,False,False
vllm_core-84ca0ad4,vllm_core-0075,75,vllm_core,error,trae,TRAE-GPT,vLLM,1.6390364170074463,1,,0,,0,0,False,False,False,False
vllm_core-84ca0ad4,vllm_core-0074,74,vllm_core,error,trae,TRAE-GPT,vLLM,1.6373224258422852,1,,0,,0,0,False,False,False,False
vllm_core-84ca0ad4,vllm_core-0073,73,vllm_core,error,trae,TRAE-GPT,vLLM,1.647566556930542,1,,0,,0,0,False,False,False,False
vllm_core-84ca0ad4,vllm_core-0045,45,vllm_core,error,trae,TRAE-GPT,vLLM,1.628006935119629,1,,0,,0,0,False,False,False,False
vllm_core-84ca0ad4,vllm_core-0042,42,vllm_core,error,trae,TRAE-GPT,vLLM,1.6383683681488037,1,,0,,0,0,False,False,False,False
vllm_core-8e54a51a,vllm_core-0006,6,vllm_core,error,trae,TRAE-GPT,vLLM,1.6629059314727783,1,,0,,0,0,False,False,False,False
vllm_core-8e54a51a,vllm_core-0001,1,vllm_core,error,trae,TRAE-GPT,vLLM,1.6549336910247803,1,,0,,0,0,False,False,False,False
vllm_core-8e54a51a,vllm_core-0008,8,vllm_core,error,trae,TRAE-GPT,vLLM,1.6873784065246582,1,,0,,0,0,False,False,False,False
vllm_core-8e54a51a,vllm_core-0064,64,vllm_core,error,trae,TRAE-GPT,vLLM,1.6792528629302979,1,,0,,0,0,False,False,False,False
vllm_core-8e54a51a,vllm_core-0063,63,vllm_core,error,trae,TRAE-GPT,vLLM,1.6524581909179688,1,,0,,0,0,False,False,False,False
vllm_core-8e54a51a,vllm_core-0055,55,vllm_core,error,trae,TRAE-GPT,vLLM,1.6451797485351562,1,,0,,0,0,False,False,False,False
vllm_core-8e54a51a,vllm_core-0052,52,vllm_core,error,trae,TRAE-GPT,vLLM,1.6592063903808594,1,,0,,0,0,False,False,False,False
vllm_core-8e54a51a,vllm_core-0007,7,vllm_core,error,trae,TRAE-GPT,vLLM,1.646571159362793,1,,0,,0,0,False,False,False,False
vllm_core-8e54a51a,vllm_core-0053,53,vllm_core,error,trae,TRAE-GPT,vLLM,1.6779932975769043,1,,0,,0,0,False,False,False,False
vllm_core-8e54a51a,vllm_core-0054,54,vllm_core,error,trae,TRAE-GPT,vLLM,1.64516282081604,1,,0,,0,0,False,False,False,False
vllm_core-8e54a51a,vllm_core-0062,62,vllm_core,error,trae,TRAE-GPT,vLLM,1.678436040878296,1,,0,,0,0,False,False,False,False
vllm_core-8e54a51a,vllm_core-0065,65,vllm_core,error,trae,TRAE-GPT,vLLM,1.6876051425933838,1,,0,,0,0,False,False,False,False
vllm_core-8e54a51a,vllm_core-0047,47,vllm_core,error,trae,TRAE-GPT,vLLM,1.6531825065612793,1,,0,,0,0,False,False,False,False
vllm_core-8e54a51a,vllm_core-0049,49,vllm_core,error,trae,TRAE-GPT,vLLM,1.6468839645385742,1,,0,,0,0,False,False,False,False
vllm_core-8e54a51a,vllm_core-0048,48,vllm_core,error,trae,TRAE-GPT,vLLM,1.6936471462249756,1,,0,,0,0,False,False,False,False
vllm_core-8e54a51a,vllm_core-0046,46,vllm_core,error,trae,TRAE-GPT,vLLM,1.650313377380371,1,,0,,0,0,False,False,False,False
vllm_core-8e54a51a,vllm_core-0060,60,vllm_core,error,trae,TRAE-GPT,vLLM,1.6315510272979736,1,,0,,0,0,False,False,False,False
vllm_core-8e54a51a,vllm_core-0058,58,vllm_core,error,trae,TRAE-GPT,vLLM,1.646242618560791,1,,0,,0,0,False,False,False,False
vllm_core-8e54a51a,vllm_core-0067,67,vllm_core,error,trae,TRAE-GPT,vLLM,7.750240802764893,1,,0,,0,0,False,False,False,False
vllm_core-8e54a51a,vllm_core-0051,51,vllm_core,error,trae,TRAE-GPT,vLLM,1.6608612537384033,1,,0,,0,0,False,False,False,False
vllm_core-8e54a51a,vllm_core-0056,56,vllm_core,error,trae,TRAE-GPT,vLLM,1.6758499145507812,1,,0,,0,0,False,False,False,False
vllm_core-8e54a51a,vllm_core-0005,5,vllm_core,error,trae,TRAE-GPT,vLLM,1.6640303134918213,1,,0,,0,0,False,False,False,False
vllm_core-8e54a51a,vllm_core-0057,57,vllm_core,error,trae,TRAE-GPT,vLLM,1.636230707168579,1,,0,,0,0,False,False,False,False
vllm_core-8e54a51a,vllm_core-0050,50,vllm_core,error,trae,TRAE-GPT,vLLM,1.6688315868377686,1,,0,,0,0,False,False,False,False
vllm_core-8e54a51a,vllm_core-0059,59,vllm_core,error,trae,TRAE-GPT,vLLM,1.730926513671875,1,,0,,0,0,False,False,False,False
vllm_core-8e54a51a,vllm_core-0066,66,vllm_core,error,trae,TRAE-GPT,vLLM,1.6822514533996582,1,,0,,0,0,False,False,False,False
vllm_core-8e54a51a,vllm_core-0061,61,vllm_core,error,trae,TRAE-GPT,vLLM,1.6633384227752686,1,,0,,0,0,False,False,False,False
vllm_core-8e54a51a,vllm_core-0004,4,vllm_core,error,trae,TRAE-GPT,vLLM,1.6649985313415527,1,,0,,0,0,False,False,False,False
vllm_core-8e54a51a,vllm_core-0003,3,vllm_core,error,trae,TRAE-GPT,vLLM,1.6557865142822266,1,,0,,0,0,False,False,False,False
vllm_core-8e54a51a,vllm_core-0044,44,vllm_core,error,trae,TRAE-GPT,vLLM,1.6459455490112305,1,,0,,0,0,False,False,False,False
vllm_core-8e54a51a,vllm_core-0045,45,vllm_core,error,trae,TRAE-GPT,vLLM,1.686159610748291,1,,0,,0,0,False,False,False,False
vllm_core-8e54a51a,vllm_core-0042,42,vllm_core,error,trae,TRAE-GPT,vLLM,1.6572749614715576,1,,0,,0,0,False,False,False,False
vllm_core-9641716f,vllm_core-0006,6,vllm_core,success,trae,TRAE-GPT,vLLM,1655.085721731186,1,1230.387143611908,1,38.0,1,0,True,False,True,False
vllm_core-9641716f,vllm_core-0001,1,vllm_core,success,trae,TRAE-GPT,vLLM,1436.527705669403,1,1164.284258365631,1,10.0,3,0,True,False,True,False
vllm_core-9641716f,vllm_core-0008,8,vllm_core,success,trae,TRAE-GPT,vLLM,597.7878563404083,0,300.8531918525696,1,12.0,1,0,True,False,True,False
vllm_core-9641716f,vllm_core-0064,64,vllm_core,success,trae,TRAE-GPT,vLLM,1690.1256477832794,1,1357.8551173210144,1,59.0,4,0,True,False,True,False
vllm_core-9641716f,vllm_core-0090,90,vllm_core,success,trae,TRAE-GPT,vLLM,847.3383700847626,1,537.4952685832977,1,83.0,1,0,True,False,True,False
vllm_core-9641716f,vllm_core-0063,63,vllm_core,success,trae,TRAE-GPT,vLLM,1192.8514981269836,1,981.7928764820099,1,30.0,2,0,True,False,True,False
vllm_core-9641716f,vllm_core-0055,55,vllm_core,success,trae,TRAE-GPT,vLLM,1425.4875118732452,0,1142.2297501564026,1,58.0,4,0,True,False,True,False
vllm_core-9641716f,vllm_core-0052,52,vllm_core,success,trae,TRAE-GPT,vLLM,1623.9578223228455,1,1396.8930668830872,1,38.0,2,0,True,False,True,False
vllm_core-9641716f,vllm_core-0007,7,vllm_core,success,trae,TRAE-GPT,vLLM,631.9251365661621,1,362.0042839050293,2,36.0,2,1,True,False,False,False
vllm_core-9641716f,vllm_core-0053,53,vllm_core,success,trae,TRAE-GPT,vLLM,1158.4960446357727,1,878.4460594654083,1,36.0,4,0,True,False,True,False
vllm_core-9641716f,vllm_core-0054,54,vllm_core,success,trae,TRAE-GPT,vLLM,1605.9897458553314,0,1384.8824858665466,1,80.0,2,0,True,False,True,False
vllm_core-9641716f,vllm_core-0062,62,vllm_core,success,trae,TRAE-GPT,vLLM,1037.7797827720642,1,743.0949006080627,1,11.0,1,0,True,False,True,False
vllm_core-9641716f,vllm_core-0091,91,vllm_core,success,trae,TRAE-GPT,vLLM,1499.3800172805786,0,1219.353416442871,1,36.0,3,0,True,False,True,False
vllm_core-9641716f,vllm_core-0065,65,vllm_core,success,trae,TRAE-GPT,vLLM,1907.1782784461975,1,1584.5281436443329,1,60.0,3,0,True,False,True,False
vllm_core-9641716f,vllm_core-0047,47,vllm_core,success,trae,TRAE-GPT,vLLM,1438.559288263321,1,1000.7395799160004,1,116.0,7,0,True,False,True,False
vllm_core-9641716f,vllm_core-0078,78,vllm_core,success,trae,TRAE-GPT,vLLM,1196.138414144516,1,983.7865259647369,2,31.0,2,1,True,False,False,False
vllm_core-9641716f,vllm_core-0076,76,vllm_core,success,trae,TRAE-GPT,vLLM,929.025616645813,0,534.4909429550171,1,63.0,2,0,True,False,True,False
vllm_core-9641716f,vllm_core-0082,82,vllm_core,success,trae,TRAE-GPT,vLLM,1169.460422039032,1,912.5403742790222,1,8.0,1,0,True,False,True,False
vllm_core-9641716f,vllm_core-0049,49,vllm_core,success,trae,TRAE-GPT,vLLM,1209.2113542556763,1,950.6168427467346,2,135.0,4,1,True,False,False,False
vllm_core-9641716f,vllm_core-0085,85,vllm_core,success,trae,TRAE-GPT,vLLM,2276.0155794620514,1,1390.8560090065002,1,31.0,3,0,True,False,True,False
vllm_core-9641716f,vllm_core-0071,71,vllm_core,success,trae,TRAE-GPT,vLLM,1278.0687110424042,1,917.6003067493439,1,71.0,2,0,True,False,True,False
vllm_core-9641716f,vllm_core-0070,70,vllm_core,success,trae,TRAE-GPT,vLLM,2277.9336438179016,0,931.6236581802368,6,28.0,4,1,True,False,False,False
vllm_core-9641716f,vllm_core-0084,84,vllm_core,success,trae,TRAE-GPT,vLLM,834.7417416572571,0,539.5254991054535,1,50.0,1,0,True,False,True,False
vllm_core-9641716f,vllm_core-0083,83,vllm_core,error,trae,TRAE-GPT,vLLM,370.16676568984985,0,,0,,0,0,False,False,False,False
vllm_core-9641716f,vllm_core-0077,77,vllm_core,success,trae,TRAE-GPT,vLLM,1373.116417169571,1,1148.218364238739,1,40.0,3,0,True,False,True,False
vllm_core-9641716f,vllm_core-0048,48,vllm_core,success,trae,TRAE-GPT,vLLM,949.8846943378448,1,698.9405202865601,1,26.0,1,0,True,False,True,False
vllm_core-9641716f,vllm_core-0046,46,vllm_core,success,trae,TRAE-GPT,vLLM,977.6918952465057,1,662.8167355060577,1,47.0,2,0,True,False,True,False
vllm_core-9641716f,vllm_core-0079,79,vllm_core,success,trae,TRAE-GPT,vLLM,1461.1625277996063,1,964.7224380970001,1,37.0,2,0,True,False,True,False
vllm_core-9641716f,vllm_core-0094,94,vllm_core,success,trae,TRAE-GPT,vLLM,1253.9410874843597,1,939.6275849342346,1,15.0,2,0,True,False,True,False
vllm_core-9641716f,vllm_core-0060,60,vllm_core,success,trae,TRAE-GPT,vLLM,1540.8500843048096,1,1201.4292752742767,1,92.0,6,0,True,False,True,False
vllm_core-9641716f,vllm_core-0058,58,vllm_core,success,trae,TRAE-GPT,vLLM,1172.3887631893158,1,784.2424302101135,1,42.0,1,0,True,False,True,False
vllm_core-9641716f,vllm_core-0067,67,vllm_core,success,trae,TRAE-GPT,vLLM,1434.300969839096,1,1020.8845548629761,1,26.0,2,0,True,False,True,False
vllm_core-9641716f,vllm_core-0093,93,vllm_core,error,trae,TRAE-GPT,vLLM,168.91202998161316,0,,0,,0,0,False,False,False,False
vllm_core-9641716f,vllm_core-0051,51,vllm_core,success,trae,TRAE-GPT,vLLM,1716.5875248908997,0,1105.0764317512512,2,37.0,5,1,True,False,False,False
vllm_core-9641716f,vllm_core-0069,69,vllm_core,success,trae,TRAE-GPT,vLLM,1413.6703402996063,1,899.5236294269562,3,40.0,3,0,True,False,False,False
vllm_core-9641716f,vllm_core-0056,56,vllm_core,success,trae,TRAE-GPT,vLLM,1004.4959986209869,1,753.6326308250427,1,19.0,2,0,True,False,True,False
vllm_core-9641716f,vllm_core-0005,5,vllm_core,success,trae,TRAE-GPT,vLLM,1098.5815472602844,1,791.1805942058563,1,36.0,1,0,True,False,True,False
vllm_core-9641716f,vllm_core-0068,68,vllm_core,success,trae,TRAE-GPT,vLLM,1139.533555984497,1,741.0864808559418,1,18.0,2,0,True,False,True,False
vllm_core-9641716f,vllm_core-0057,57,vllm_core,error,trae,TRAE-GPT,vLLM,390.23149275779724,0,,0,,0,0,False,False,False,False
vllm_core-9641716f,vllm_core-0050,50,vllm_core,success,trae,TRAE-GPT,vLLM,781.9309194087982,1,513.4076120853424,1,14.0,1,0,True,False,True,False
vllm_core-9641716f,vllm_core-0059,59,vllm_core,success,trae,TRAE-GPT,vLLM,2147.578278064728,0,1821.1964004039764,1,29.0,2,0,True,False,True,False
vllm_core-9641716f,vllm_core-0092,92,vllm_core,error,trae,TRAE-GPT,vLLM,383.6431429386139,1,,0,,0,0,False,False,False,False
vllm_core-9641716f,vllm_core-0066,66,vllm_core,success,trae,TRAE-GPT,vLLM,1439.8032908439636,0,1091.1666450500488,1,10.0,2,0,True,False,True,False
vllm_core-9641716f,vllm_core-0061,61,vllm_core,success,trae,TRAE-GPT,vLLM,991.5490539073944,0,753.1271967887878,1,49.0,1,0,True,False,True,False
vllm_core-9641716f,vllm_core-0095,95,vllm_core,success,trae,TRAE-GPT,vLLM,770.1050937175751,0,416.1452145576477,1,15.0,1,0,True,False,True,False
vllm_core-9641716f,vllm_core-0004,4,vllm_core,success,trae,TRAE-GPT,vLLM,1382.5486176013947,1,1042.8361842632294,1,46.0,6,0,True,False,True,False
vllm_core-9641716f,vllm_core-0003,3,vllm_core,success,trae,TRAE-GPT,vLLM,1217.7271628379822,1,919.5362071990967,1,23.0,1,0,True,False,True,False
vllm_core-9641716f,vllm_core-0088,88,vllm_core,success,trae,TRAE-GPT,vLLM,1476.9441149234772,1,567.5748560428619,2,171.0,2,0,True,False,False,False
vllm_core-9641716f,vllm_core-0044,44,vllm_core,success,trae,TRAE-GPT,vLLM,1220.516390800476,1,1002.7525339126587,1,15.0,4,0,True,False,True,False
vllm_core-9641716f,vllm_core-0086,86,vllm_core,success,trae,TRAE-GPT,vLLM,830.4516441822052,1,558.52942943573,2,34.0,2,1,True,False,False,False
vllm_core-9641716f,vllm_core-0072,72,vllm_core,success,trae,TRAE-GPT,vLLM,947.2630817890167,1,663.9107623100281,1,25.0,2,0,True,False,True,False
vllm_core-9641716f,vllm_core-0075,75,vllm_core,success,trae,TRAE-GPT,vLLM,1540.4726123809814,1,1226.487462759018,1,85.0,4,0,True,False,True,False
vllm_core-9641716f,vllm_core-0081,81,vllm_core,success,trae,TRAE-GPT,vLLM,719.9575617313385,1,464.2971670627594,1,32.0,1,0,True,False,True,False
vllm_core-9641716f,vllm_core-0080,80,vllm_core,success,trae,TRAE-GPT,vLLM,1044.73446393013,1,340.9730417728424,1,21.0,1,0,True,False,True,False
vllm_core-9641716f,vllm_core-0074,74,vllm_core,success,trae,TRAE-GPT,vLLM,1603.101634502411,1,1249.5502693653107,1,157.0,9,0,True,False,True,False
vllm_core-9641716f,vllm_core-0073,73,vllm_core,success,trae,TRAE-GPT,vLLM,600.1116063594818,0,378.09134817123413,1,25.0,1,0,True,False,True,False
vllm_core-9641716f,vllm_core-0087,87,vllm_core,success,trae,TRAE-GPT,vLLM,865.533891916275,0,519.4474432468414,1,178.0,3,0,True,False,True,False
vllm_core-9641716f,vllm_core-0045,45,vllm_core,success,trae,TRAE-GPT,vLLM,767.0768718719482,1,441.21447467803955,1,26.0,1,0,True,False,True,False
vllm_core-9641716f,vllm_core-0042,42,vllm_core,success,trae,TRAE-GPT,vLLM,1966.0780129432678,0,1639.5513184070587,1,82.0,4,0,True,False,True,False
vllm_core-9641716f,vllm_core-0089,89,vllm_core,success,trae,TRAE-GPT,vLLM,999.8614132404327,1,616.7199547290802,1,15.0,2,0,True,False,True,False
vllm_core-a40b2039,vllm_core-0006,6,vllm_core,error,trae,TRAE-GPT,vLLM,258.8050582408905,0,,0,,0,0,False,False,False,False
vllm_core-a40b2039,vllm_core-0039,39,vllm_core,success,trae,TRAE-GPT,vLLM,1791.5945737361908,0,500.77892088890076,2,37.0,2,1,True,False,False,False
vllm_core-a40b2039,vllm_core-0001,1,vllm_core,error,trae,TRAE-GPT,vLLM,199.5162010192871,0,,0,,0,0,False,False,False,False
vllm_core-a40b2039,vllm_core-0037,37,vllm_core,success,trae,TRAE-GPT,vLLM,1326.0302658081055,1,345.24487566947937,2,80.0,2,1,True,False,False,False
vllm_core-a40b2039,vllm_core-0008,8,vllm_core,error,trae,TRAE-GPT,vLLM,218.03170371055603,0,,0,,0,0,False,False,False,False
vllm_core-a40b2039,vllm_core-0030,30,vllm_core,success,trae,TRAE-GPT,vLLM,1857.1112344264984,0,1428.193023443222,1,27.0,3,0,True,False,True,False
vllm_core-a40b2039,vllm_core-0031,31,vllm_core,success,trae,TRAE-GPT,vLLM,2108.31138920784,0,1830.559373140335,1,139.0,6,0,True,False,True,False
vllm_core-a40b2039,vllm_core-0036,36,vllm_core,success,trae,TRAE-GPT,vLLM,2187.5067777633667,0,961.6088628768921,2,31.0,2,1,True,False,False,False
vllm_core-a40b2039,vllm_core-0009,9,vllm_core,success,trae,TRAE-GPT,vLLM,939.0850021839142,0,519.0160768032074,2,21.0,2,1,True,False,False,False
vllm_core-a40b2039,vllm_core-0000,0,vllm_core,success,trae,TRAE-GPT,vLLM,258.5061511993408,0,0.028180837631225586,1878,492.0,2261,2260,True,True,False,True
vllm_core-a40b2039,vllm_core-0007,7,vllm_core,error,trae,TRAE-GPT,vLLM,249.21815633773804,0,,0,,0,0,False,False,False,False
vllm_core-a40b2039,vllm_core-0038,38,vllm_core,success,trae,TRAE-GPT,vLLM,1880.28205037117,0,1477.5917134284973,1,123.0,6,0,True,False,True,False
vllm_core-a40b2039,vllm_core-0047,47,vllm_core,error,trae,TRAE-GPT,vLLM,151.70305848121643,0,,0,,0,0,False,False,False,False
vllm_core-a40b2039,vllm_core-0040,40,vllm_core,success,trae,TRAE-GPT,vLLM,2138.68740940094,1,0.003487110137939453,3,112.0,2,1,True,True,False,False
vllm_core-a40b2039,vllm_core-0025,25,vllm_core,success,trae,TRAE-GPT,vLLM,608.8874404430389,0,396.38454008102417,1,16.0,1,0,True,False,True,False
vllm_core-a40b2039,vllm_core-0022,22,vllm_core,success,trae,TRAE-GPT,vLLM,1728.7501153945923,1,1237.508444070816,2,88.0,4,1,True,False,False,False
vllm_core-a40b2039,vllm_core-0014,14,vllm_core,success,trae,TRAE-GPT,vLLM,1138.6551349163055,0,825.2995660305023,1,44.0,3,0,True,False,True,False
vllm_core-a40b2039,vllm_core-0013,13,vllm_core,success,trae,TRAE-GPT,vLLM,1521.0728344917297,0,1165.5436136722565,1,24.0,2,0,True,False,True,False
vllm_core-a40b2039,vllm_core-0048,48,vllm_core,error,trae,TRAE-GPT,vLLM,105.11552882194519,-9,,0,,0,0,False,False,False,False
vllm_core-a40b2039,vllm_core-0041,41,vllm_core,success,trae,TRAE-GPT,vLLM,2641.3949320316315,1,1346.9729180335999,2,32.0,4,1,True,False,False,False
vllm_core-a40b2039,vllm_core-0046,46,vllm_core,error,trae,TRAE-GPT,vLLM,147.9521448612213,0,,0,,0,0,False,False,False,False
vllm_core-a40b2039,vllm_core-0012,12,vllm_core,success,trae,TRAE-GPT,vLLM,1053.0440640449524,0,757.1033215522766,2,37.0,2,1,True,False,False,False
vllm_core-a40b2039,vllm_core-0015,15,vllm_core,success,trae,TRAE-GPT,vLLM,2425.0476710796356,0,1668.4446964263916,3,51.0,4,0,True,False,False,False
vllm_core-a40b2039,vllm_core-0023,23,vllm_core,error,trae,TRAE-GPT,vLLM,628.9040324687958,0,,0,,0,0,False,False,False,False
vllm_core-a40b2039,vllm_core-0024,24,vllm_core,success,trae,TRAE-GPT,vLLM,1099.326280117035,1,768.7309677600861,2,41.0,2,1,True,False,False,False
vllm_core-a40b2039,vllm_core-0002,2,vllm_core,error,trae,TRAE-GPT,vLLM,220.40250754356384,0,,0,,0,0,False,False,False,False
vllm_core-a40b2039,vllm_core-0005,5,vllm_core,error,trae,TRAE-GPT,vLLM,225.29073071479797,0,,0,,0,0,False,False,False,False
vllm_core-a40b2039,vllm_core-0033,33,vllm_core,success,trae,TRAE-GPT,vLLM,2664.5935344696045,1,1103.9401047229767,2,29.0,2,1,True,False,False,False
vllm_core-a40b2039,vllm_core-0034,34,vllm_core,success,trae,TRAE-GPT,vLLM,2558.479026079178,1,1526.4387512207031,3,95.0,3,1,True,False,False,False
vllm_core-a40b2039,vllm_core-0035,35,vllm_core,error,trae,TRAE-GPT,vLLM,1807.9411046504974,0,,0,75.0,0,0,False,False,False,False
vllm_core-a40b2039,vllm_core-0032,32,vllm_core,success,trae,TRAE-GPT,vLLM,1533.9726362228394,0,1213.4020719528198,1,10.0,4,0,True,False,True,False
vllm_core-a40b2039,vllm_core-0004,4,vllm_core,error,trae,TRAE-GPT,vLLM,237.10756421089172,0,,0,,0,0,False,False,False,False
vllm_core-a40b2039,vllm_core-0003,3,vllm_core,error,trae,TRAE-GPT,vLLM,258.945024728775,0,,0,,0,0,False,False,False,False
vllm_core-a40b2039,vllm_core-0021,21,vllm_core,success,trae,TRAE-GPT,vLLM,1445.7990417480469,0,1047.8661062717438,1,38.0,2,0,True,False,True,False
vllm_core-a40b2039,vllm_core-0019,19,vllm_core,success,trae,TRAE-GPT,vLLM,1032.2687923908234,1,652.39537358284,1,6.0,2,0,True,False,True,False
vllm_core-a40b2039,vllm_core-0026,26,vllm_core,success,trae,TRAE-GPT,vLLM,1740.4183382987976,0,1355.788540840149,1,18.0,3,0,True,False,True,False
vllm_core-a40b2039,vllm_core-0010,10,vllm_core,success,trae,TRAE-GPT,vLLM,2110.463084459305,0,1534.2026705741882,2,41.0,3,1,True,False,False,False
vllm_core-a40b2039,vllm_core-0028,28,vllm_core,success,trae,TRAE-GPT,vLLM,1344.5600271224976,0,1063.8483047485352,1,19.0,1,0,True,False,True,False
vllm_core-a40b2039,vllm_core-0017,17,vllm_core,success,trae,TRAE-GPT,vLLM,1712.934369802475,0,1476.4498479366302,2,176.0,5,1,True,False,False,False
vllm_core-a40b2039,vllm_core-0043,43,vllm_core,error,trae,TRAE-GPT,vLLM,980.1597635746002,1,,0,25.0,0,0,False,False,False,False
vllm_core-a40b2039,vllm_core-0044,44,vllm_core,error,trae,TRAE-GPT,vLLM,153.4488742351532,0,,0,,0,0,False,False,False,False
vllm_core-a40b2039,vllm_core-0029,29,vllm_core,success,trae,TRAE-GPT,vLLM,1220.1149063110352,0,837.9530658721924,2,30.0,2,1,True,False,False,False
vllm_core-a40b2039,vllm_core-0016,16,vllm_core,success,trae,TRAE-GPT,vLLM,976.8238060474396,0,554.169585943222,1,10.0,2,0,True,False,True,False
vllm_core-a40b2039,vllm_core-0011,11,vllm_core,success,trae,TRAE-GPT,vLLM,2184.301372528076,0,1773.1180493831635,1,84.0,3,0,True,False,True,False
vllm_core-a40b2039,vllm_core-0018,18,vllm_core,error,trae,TRAE-GPT,vLLM,429.8439350128174,0,,0,,0,0,False,False,False,False
vllm_core-a40b2039,vllm_core-0027,27,vllm_core,success,trae,TRAE-GPT,vLLM,662.9179472923279,0,403.42789220809937,2,25.0,2,1,True,False,False,False
vllm_core-a40b2039,vllm_core-0020,20,vllm_core,success,trae,TRAE-GPT,vLLM,2278.6616830825806,0,1518.584400653839,2,25.0,2,1,True,False,False,False
vllm_core-a40b2039,vllm_core-0045,45,vllm_core,error,trae,TRAE-GPT,vLLM,158.22737312316895,0,,0,,0,0,False,False,False,False
vllm_core-a40b2039,vllm_core-0042,42,vllm_core,error,trae,TRAE-GPT,vLLM,1807.5100829601288,1,,0,114.0,0,0,False,False,False,False
vllm_core-aed20220,vllm_core-0006,6,vllm_core,error,trae,TRAE-GPT,vLLM,1.9134745597839355,1,,0,,0,0,False,False,False,False
vllm_core-aed20220,vllm_core-0001,1,vllm_core,error,trae,TRAE-GPT,vLLM,2.2033793926239014,1,,0,,0,0,False,False,False,False
vllm_core-aed20220,vllm_core-0008,8,vllm_core,error,trae,TRAE-GPT,vLLM,1.941115140914917,1,,0,,0,0,False,False,False,False
vllm_core-aed20220,vllm_core-0064,64,vllm_core,error,trae,TRAE-GPT,vLLM,1.923436164855957,1,,0,,0,0,False,False,False,False
vllm_core-aed20220,vllm_core-0063,63,vllm_core,error,trae,TRAE-GPT,vLLM,1.9359498023986816,1,,0,,0,0,False,False,False,False
vllm_core-aed20220,vllm_core-0055,55,vllm_core,error,trae,TRAE-GPT,vLLM,1.957291603088379,1,,0,,0,0,False,False,False,False
vllm_core-aed20220,vllm_core-0052,52,vllm_core,error,trae,TRAE-GPT,vLLM,1.9581761360168457,1,,0,,0,0,False,False,False,False
vllm_core-aed20220,vllm_core-0007,7,vllm_core,error,trae,TRAE-GPT,vLLM,1.9540331363677979,1,,0,,0,0,False,False,False,False
vllm_core-aed20220,vllm_core-0053,53,vllm_core,error,trae,TRAE-GPT,vLLM,1.924058437347412,1,,0,,0,0,False,False,False,False
vllm_core-aed20220,vllm_core-0054,54,vllm_core,error,trae,TRAE-GPT,vLLM,1.960254192352295,1,,0,,0,0,False,False,False,False
vllm_core-aed20220,vllm_core-0062,62,vllm_core,error,trae,TRAE-GPT,vLLM,1.9161250591278076,1,,0,,0,0,False,False,False,False
vllm_core-aed20220,vllm_core-0065,65,vllm_core,error,trae,TRAE-GPT,vLLM,1.9676551818847656,1,,0,,0,0,False,False,False,False
vllm_core-aed20220,vllm_core-0047,47,vllm_core,error,trae,TRAE-GPT,vLLM,1.998093843460083,1,,0,,0,0,False,False,False,False
vllm_core-aed20220,vllm_core-0049,49,vllm_core,error,trae,TRAE-GPT,vLLM,1.964599609375,1,,0,,0,0,False,False,False,False
vllm_core-aed20220,vllm_core-0048,48,vllm_core,error,trae,TRAE-GPT,vLLM,1.9241058826446533,1,,0,,0,0,False,False,False,False
vllm_core-aed20220,vllm_core-0046,46,vllm_core,error,trae,TRAE-GPT,vLLM,1.915531873703003,1,,0,,0,0,False,False,False,False
vllm_core-aed20220,vllm_core-0060,60,vllm_core,error,trae,TRAE-GPT,vLLM,1.9851031303405762,1,,0,,0,0,False,False,False,False
vllm_core-aed20220,vllm_core-0058,58,vllm_core,error,trae,TRAE-GPT,vLLM,1.9512202739715576,1,,0,,0,0,False,False,False,False
vllm_core-aed20220,vllm_core-0067,67,vllm_core,error,unknown,unknown,vLLM,0.0,-1,0.0,0,0.0,0,0,False,True,False,False
vllm_core-aed20220,vllm_core-0051,51,vllm_core,error,trae,TRAE-GPT,vLLM,1.9396133422851562,1,,0,,0,0,False,False,False,False
vllm_core-aed20220,vllm_core-0056,56,vllm_core,error,trae,TRAE-GPT,vLLM,1.914534330368042,1,,0,,0,0,False,False,False,False
vllm_core-aed20220,vllm_core-0005,5,vllm_core,error,trae,TRAE-GPT,vLLM,1.9578864574432373,1,,0,,0,0,False,False,False,False
vllm_core-aed20220,vllm_core-0057,57,vllm_core,error,trae,TRAE-GPT,vLLM,1.9652884006500244,1,,0,,0,0,False,False,False,False
vllm_core-aed20220,vllm_core-0050,50,vllm_core,error,trae,TRAE-GPT,vLLM,1.927072286605835,1,,0,,0,0,False,False,False,False
vllm_core-aed20220,vllm_core-0059,59,vllm_core,error,trae,TRAE-GPT,vLLM,1.9200148582458496,1,,0,,0,0,False,False,False,False
vllm_core-aed20220,vllm_core-0066,66,vllm_core,error,trae,TRAE-GPT,vLLM,1.942631721496582,1,,0,,0,0,False,False,False,False
vllm_core-aed20220,vllm_core-0061,61,vllm_core,error,trae,TRAE-GPT,vLLM,1.9322288036346436,1,,0,,0,0,False,False,False,False
vllm_core-aed20220,vllm_core-0004,4,vllm_core,error,trae,TRAE-GPT,vLLM,1.9392364025115967,1,,0,,0,0,False,False,False,False
vllm_core-aed20220,vllm_core-0003,3,vllm_core,error,trae,TRAE-GPT,vLLM,1.9522526264190674,1,,0,,0,0,False,False,False,False
vllm_core-aed20220,vllm_core-0044,44,vllm_core,error,trae,TRAE-GPT,vLLM,1.9695045948028564,1,,0,,0,0,False,False,False,False
vllm_core-aed20220,vllm_core-0045,45,vllm_core,error,trae,TRAE-GPT,vLLM,1.915745735168457,1,,0,,0,0,False,False,False,False
vllm_core-aed20220,vllm_core-0042,42,vllm_core,error,trae,TRAE-GPT,vLLM,1.9074594974517822,1,,0,,0,0,False,False,False,False
vllm_core-beffe4cd,vllm_core-0006,6,vllm_core,error,trae,TRAE-GPT,vLLM,209.78071236610413,0,,0,,0,0,False,False,False,False
vllm_core-beffe4cd,vllm_core-0039,39,vllm_core,success,trae,TRAE-GPT,vLLM,1447.602779865265,0,995.8134226799011,1,20.0,1,0,True,False,True,False
vllm_core-beffe4cd,vllm_core-0001,1,vllm_core,error,trae,TRAE-GPT,vLLM,219.8314447402954,0,,0,,0,0,False,False,False,False
vllm_core-beffe4cd,vllm_core-0037,37,vllm_core,success,trae,TRAE-GPT,vLLM,1007.6902372837067,1,679.4594130516052,1,67.0,1,0,True,False,True,False
vllm_core-beffe4cd,vllm_core-0008,8,vllm_core,error,trae,TRAE-GPT,vLLM,253.14669704437256,0,,0,,0,0,False,False,False,False
vllm_core-beffe4cd,vllm_core-0030,30,vllm_core,success,trae,TRAE-GPT,vLLM,1846.8426578044891,1,1019.6209840774536,2,34.0,4,1,True,False,False,False
vllm_core-beffe4cd,vllm_core-0031,31,vllm_core,success,trae,TRAE-GPT,vLLM,2226.7800674438477,0,1205.2409255504608,2,164.0,7,1,True,False,False,False
vllm_core-beffe4cd,vllm_core-0036,36,vllm_core,success,trae,TRAE-GPT,vLLM,2089.2144899368286,0,1874.8047955036163,1,20.0,1,0,True,False,True,False
vllm_core-beffe4cd,vllm_core-0009,9,vllm_core,success,trae,TRAE-GPT,vLLM,972.545380115509,0,551.1291284561157,2,21.0,2,1,True,False,False,False
vllm_core-beffe4cd,vllm_core-0000,0,vllm_core,success,trae,TRAE-GPT,vLLM,260.5183935165405,0,0.03228640556335449,1878,492.0,2261,2260,True,True,False,True
vllm_core-beffe4cd,vllm_core-0007,7,vllm_core,error,trae,TRAE-GPT,vLLM,292.85332679748535,0,,0,,0,0,False,False,False,False
vllm_core-beffe4cd,vllm_core-0038,38,vllm_core,success,trae,TRAE-GPT,vLLM,2181.0350472927094,1,1043.961152791977,2,129.0,7,1,True,False,False,False
vllm_core-beffe4cd,vllm_core-0047,47,vllm_core,error,trae,TRAE-GPT,vLLM,148.77956581115723,0,,0,,0,0,False,False,False,False
vllm_core-beffe4cd,vllm_core-0040,40,vllm_core,success,trae,TRAE-GPT,vLLM,644.8217034339905,0,410.6380863189697,1,75.0,1,0,True,False,True,False
vllm_core-beffe4cd,vllm_core-0025,25,vllm_core,error,trae,TRAE-GPT,vLLM,158.7510232925415,0,,0,9.0,0,0,False,False,False,False
vllm_core-beffe4cd,vllm_core-0022,22,vllm_core,success,trae,TRAE-GPT,vLLM,720.93354845047,0,167.63868069648743,2,88.0,4,1,True,False,False,False
vllm_core-beffe4cd,vllm_core-0014,14,vllm_core,success,trae,TRAE-GPT,vLLM,1014.8890872001648,0,311.2026937007904,2,73.0,4,1,True,False,False,False
vllm_core-beffe4cd,vllm_core-0013,13,vllm_core,success,trae,TRAE-GPT,vLLM,1856.9315288066864,0,742.0030295848846,2,36.0,4,1,True,False,False,False
vllm_core-beffe4cd,vllm_core-0048,48,vllm_core,error,trae,TRAE-GPT,vLLM,167.46072673797607,0,,0,,0,0,False,False,False,False
vllm_core-beffe4cd,vllm_core-0041,41,vllm_core,success,trae,TRAE-GPT,vLLM,2483.41415810585,1,1932.0450155735016,1,32.0,3,0,True,False,True,False
vllm_core-beffe4cd,vllm_core-0046,46,vllm_core,error,trae,TRAE-GPT,vLLM,170.4621787071228,0,,0,,0,0,False,False,False,False
vllm_core-beffe4cd,vllm_core-0012,12,vllm_core,success,trae,TRAE-GPT,vLLM,1690.0779855251312,0,756.0021829605103,3,34.0,2,1,True,False,False,False
vllm_core-beffe4cd,vllm_core-0015,15,vllm_core,success,trae,TRAE-GPT,vLLM,2435.139237165451,0,1232.6940100193024,4,58.0,5,1,True,False,False,False
vllm_core-beffe4cd,vllm_core-0023,23,vllm_core,success,trae,TRAE-GPT,vLLM,2508.958674430847,0,1647.7820372581482,3,57.0,4,0,True,False,False,False
vllm_core-beffe4cd,vllm_core-0024,24,vllm_core,success,trae,TRAE-GPT,vLLM,933.8143875598907,1,390.38080739974976,2,41.0,2,1,True,False,False,False
vllm_core-beffe4cd,vllm_core-0002,2,vllm_core,error,trae,TRAE-GPT,vLLM,233.7422444820404,0,,0,,0,0,False,False,False,False
vllm_core-beffe4cd,vllm_core-0005,5,vllm_core,error,trae,TRAE-GPT,vLLM,241.92619729042053,0,,0,,0,0,False,False,False,False
vllm_core-beffe4cd,vllm_core-0033,33,vllm_core,success,trae,TRAE-GPT,vLLM,1008.4374055862427,0,705.5295166969299,1,18.0,1,0,True,False,True,False
vllm_core-beffe4cd,vllm_core-0034,34,vllm_core,success,trae,TRAE-GPT,vLLM,1435.397801399231,0,977.4898765087128,2,95.0,3,1,True,False,False,False
vllm_core-beffe4cd,vllm_core-0035,35,vllm_core,success,trae,TRAE-GPT,vLLM,2298.809548854828,0,1934.0910573005676,1,83.0,2,0,True,False,True,False
vllm_core-beffe4cd,vllm_core-0032,32,vllm_core,success,trae,TRAE-GPT,vLLM,1751.1988265514374,0,881.1172749996185,2,31.0,7,1,True,False,False,False
vllm_core-beffe4cd,vllm_core-0004,4,vllm_core,error,trae,TRAE-GPT,vLLM,237.3995132446289,0,,0,,0,0,False,False,False,False
vllm_core-beffe4cd,vllm_core-0003,3,vllm_core,error,trae,TRAE-GPT,vLLM,283.06768798828125,0,,0,,0,0,False,False,False,False
vllm_core-beffe4cd,vllm_core-0021,21,vllm_core,success,trae,TRAE-GPT,vLLM,982.0046308040619,0,0.0031006336212158203,2,61.0,3,1,True,True,False,False
vllm_core-beffe4cd,vllm_core-0019,19,vllm_core,success,trae,TRAE-GPT,vLLM,1530.1648557186127,1,79.30046582221985,3,54.0,3,1,True,False,False,False
vllm_core-beffe4cd,vllm_core-0026,26,vllm_core,error,trae,TRAE-GPT,vLLM,250.74926137924194,0,,0,,0,0,False,False,False,False
vllm_core-beffe4cd,vllm_core-0010,10,vllm_core,success,trae,TRAE-GPT,vLLM,2591.3824241161346,1,1496.906620979309,3,45.0,3,1,True,False,False,False
vllm_core-beffe4cd,vllm_core-0028,28,vllm_core,success,trae,TRAE-GPT,vLLM,1873.0198464393616,1,851.1189279556274,2,81.0,2,1,True,False,False,False
vllm_core-beffe4cd,vllm_core-0017,17,vllm_core,success,trae,TRAE-GPT,vLLM,1100.6232249736786,0,717.6720821857452,2,176.0,5,1,True,False,False,False
vllm_core-beffe4cd,vllm_core-0043,43,vllm_core,error,trae,TRAE-GPT,vLLM,2137.7876188755035,1,,0,25.0,0,0,False,False,False,False
vllm_core-beffe4cd,vllm_core-0044,44,vllm_core,error,trae,TRAE-GPT,vLLM,736.4404366016388,1,,0,,0,0,False,False,False,False
vllm_core-beffe4cd,vllm_core-0029,29,vllm_core,success,trae,TRAE-GPT,vLLM,1343.1247704029083,0,743.7164278030396,2,30.0,2,1,True,False,False,False
vllm_core-beffe4cd,vllm_core-0016,16,vllm_core,success,trae,TRAE-GPT,vLLM,1551.2199625968933,1,164.62037181854248,3,24.0,2,0,True,False,False,False
vllm_core-beffe4cd,vllm_core-0011,11,vllm_core,success,trae,TRAE-GPT,vLLM,2333.905615091324,1,1706.621252298355,2,85.0,4,1,True,False,False,False
vllm_core-beffe4cd,vllm_core-0018,18,vllm_core,success,trae,TRAE-GPT,vLLM,1268.5456066131592,0,981.7017991542816,1,117.0,2,0,True,False,True,False
vllm_core-beffe4cd,vllm_core-0027,27,vllm_core,success,trae,TRAE-GPT,vLLM,810.2443816661835,0,456.63965249061584,2,25.0,2,1,True,False,False,False
vllm_core-beffe4cd,vllm_core-0020,20,vllm_core,success,trae,TRAE-GPT,vLLM,1652.796026468277,1,809.04820561409,2,25.0,2,1,True,False,False,False
vllm_core-beffe4cd,vllm_core-0045,45,vllm_core,error,trae,TRAE-GPT,vLLM,190.83425307273865,0,,0,,0,0,False,False,False,False
vllm_core-beffe4cd,vllm_core-0042,42,vllm_core,error,trae,TRAE-GPT,vLLM,2712.2534987926483,1,,0,114.0,0,0,False,False,False,False
vllm_core_codex-90a1c13f,vllm_core-0006,6,vllm_core,success,codex,Codex,vLLM,121.2352020740509,0,0.03348493576049805,2254,56.0,2253,2253,True,True,False,True
vllm_core_codex-90a1c13f,vllm_core-0039,39,vllm_core,success,codex,Codex,vLLM,131.36818480491638,0,115.31463527679443,1,74.0,1,0,True,False,True,False
vllm_core_codex-90a1c13f,vllm_core-0001,1,vllm_core,success,codex,Codex,vLLM,123.42434215545654,0,0.016188621520996094,2,146.0,1698,1697,True,True,False,True
vllm_core_codex-90a1c13f,vllm_core-0037,37,vllm_core,success,codex,Codex,vLLM,149.62154126167297,0,140.38833284378052,1,94.0,2,0,True,False,True,False
vllm_core_codex-90a1c13f,vllm_core-0008,8,vllm_core,success,codex,Codex,vLLM,128.61069989204407,0,0.026276111602783203,1494,40.0,2008,2007,True,True,False,True
vllm_core_codex-90a1c13f,vllm_core-0030,30,vllm_core,success,codex,Codex,vLLM,165.69619989395142,0,142.3949589729309,1,13.0,1,0,True,False,True,False
vllm_core_codex-90a1c13f,vllm_core-0064,64,vllm_core,success,codex,Codex,vLLM,129.45624947547913,0,0.03767108917236328,2580,93.0,2397,2396,True,True,False,True
vllm_core_codex-90a1c13f,vllm_core-0090,90,vllm_core,success,codex,Codex,vLLM,147.19747591018677,0,0.04701638221740723,3451,116.0,1569,1568,True,True,False,True
vllm_core_codex-90a1c13f,vllm_core-0097,97,vllm_core,success,codex,Codex,vLLM,110.8107078075409,0,89.2591462135315,1,49.0,1,0,True,False,True,False
vllm_core_codex-90a1c13f,vllm_core-0063,63,vllm_core,success,codex,Codex,vLLM,201.71112751960754,0,0.00532221794128418,2,123.0,730,723,True,True,False,True
vllm_core_codex-90a1c13f,vllm_core-0055,55,vllm_core,success,codex,Codex,vLLM,192.21680188179016,0,0.04849815368652344,2,195.0,2746,2744,True,True,False,True
vllm_core_codex-90a1c13f,vllm_core-0099,99,vllm_core,success,codex,Codex,vLLM,101.8239312171936,0,83.23966574668884,1,20.0,1,0,True,False,True,False
vllm_core_codex-90a1c13f,vllm_core-0052,52,vllm_core,success,codex,Codex,vLLM,219.89549374580383,0,0.08382606506347656,6363,86.0,2730,2726,True,True,False,True
vllm_core_codex-90a1c13f,vllm_core-0031,31,vllm_core,success,codex,Codex,vLLM,170.3917953968048,0,157.41968750953674,1,23.0,1,0,True,False,True,False
vllm_core_codex-90a1c13f,vllm_core-0036,36,vllm_core,success,codex,Codex,vLLM,200.96062922477722,0,190.5250096321106,1,34.0,2,0,True,False,True,False
vllm_core_codex-90a1c13f,vllm_core-0009,9,vllm_core,success,codex,Codex,vLLM,101.74652671813965,0,83.23217368125916,1,13.0,1,0,True,False,True,False
vllm_core_codex-90a1c13f,vllm_core-0007,7,vllm_core,success,codex,Codex,vLLM,130.60491490364075,0,0.03480219841003418,3,163.0,2750,2749,True,True,False,True
vllm_core_codex-90a1c13f,vllm_core-0038,38,vllm_core,success,codex,Codex,vLLM,171.39558577537537,0,155.4338161945343,1,28.0,1,0,True,False,True,False
vllm_core_codex-90a1c13f,vllm_core-0098,98,vllm_core,success,codex,Codex,vLLM,187.28920531272888,0,169.48180770874023,1,27.0,2,0,True,False,True,False
vllm_core_codex-90a1c13f,vllm_core-0053,53,vllm_core,success,codex,Codex,vLLM,226.29920554161072,0,0.02207016944885254,1297,69.0,1738,1737,True,True,False,True
vllm_core_codex-90a1c13f,vllm_core-0054,54,vllm_core,success,codex,Codex,vLLM,172.45585250854492,0,0.005289793014526367,124,113.0,293,285,True,True,False,True
vllm_core_codex-90a1c13f,vllm_core-0062,62,vllm_core,success,codex,Codex,vLLM,241.3058876991272,0,0.03335142135620117,2269,56.0,1375,1373,True,True,False,True
vllm_core_codex-90a1c13f,vllm_core-0096,96,vllm_core,success,codex,Codex,vLLM,278.6971094608307,0,214.5800404548645,2,62.0,2,1,True,False,False,False
vllm_core_codex-90a1c13f,vllm_core-0091,91,vllm_core,success,codex,Codex,vLLM,273.5003967285156,0,0.032846689224243164,2,280.0,2735,2732,True,True,False,True
vllm_core_codex-90a1c13f,vllm_core-0065,65,vllm_core,success,codex,Codex,vLLM,204.8448293209076,0,0.02316761016845703,2,197.0,1399,1398,True,True,False,True
vllm_core_codex-90a1c13f,vllm_core-0047,47,vllm_core,success,codex,Codex,vLLM,216.59290409088135,0,0.03463554382324219,2332,223.0,1414,1404,True,True,False,True
vllm_core_codex-90a1c13f,vllm_core-0078,78,vllm_core,success,codex,Codex,vLLM,156.51872372627258,0,0.012798786163330078,3,256.0,1013,1004,True,True,False,True
vllm_core_codex-90a1c13f,vllm_core-0040,40,vllm_core,success,codex,Codex,vLLM,185.4365267753601,0,171.48848485946655,1,139.0,6,0,True,False,True,False
vllm_core_codex-90a1c13f,vllm_core-0076,76,vllm_core,success,codex,Codex,vLLM,146.01481103897095,0,0.04378986358642578,1,99.0,1958,1956,True,True,False,True
vllm_core_codex-90a1c13f,vllm_core-0082,82,vllm_core,success,codex,Codex,vLLM,181.70924019813538,0,0.021581172943115234,1196,23.0,994,993,True,True,False,True
vllm_core_codex-90a1c13f,vllm_core-0049,49,vllm_core,success,codex,Codex,vLLM,204.4779303073883,0,0.008530855178833008,3,264.0,648,646,True,True,False,True
vllm_core_codex-90a1c13f,vllm_core-0085,85,vllm_core,success,codex,Codex,vLLM,125.84029531478882,0,0.04388260841369629,3047,96.0,2585,2584,True,True,False,True
vllm_core_codex-90a1c13f,vllm_core-0071,71,vllm_core,success,codex,Codex,vLLM,151.39462852478027,0,0.0517122745513916,2,276.0,2363,2361,True,True,False,True
vllm_core_codex-90a1c13f,vllm_core-0025,25,vllm_core,success,codex,Codex,vLLM,128.5611183643341,0,113.31535172462463,1,36.0,1,0,True,False,True,False
vllm_core_codex-90a1c13f,vllm_core-0022,22,vllm_core,success,codex,Codex,vLLM,110.41821146011353,0,97.26199507713318,1,28.0,2,0,True,False,True,False
vllm_core_codex-90a1c13f,vllm_core-0014,14,vllm_core,success,codex,Codex,vLLM,246.90538549423218,0,230.65707969665527,1,36.0,3,0,True,False,True,False
vllm_core_codex-90a1c13f,vllm_core-0013,13,vllm_core,success,codex,Codex,vLLM,148.52488112449646,0,134.38616704940796,1,17.0,1,0,True,False,True,False
vllm_core_codex-90a1c13f,vllm_core-0070,70,vllm_core,success,codex,Codex,vLLM,138.24854135513306,0,0.051372528076171875,3313,39.0,2669,2660,True,True,False,True
vllm_core_codex-90a1c13f,vllm_core-0084,84,vllm_core,success,codex,Codex,vLLM,337.89227414131165,0,0.01163172721862793,2,128.0,1957,1956,True,True,False,True
vllm_core_codex-90a1c13f,vllm_core-0083,83,vllm_core,success,codex,Codex,vLLM,215.15733766555786,0,0.027041912078857422,1683,23.0,1997,1995,True,True,False,True
vllm_core_codex-90a1c13f,vllm_core-0077,77,vllm_core,success,codex,Codex,vLLM,141.93266081809998,0,0.024806499481201172,1536,57.0,1951,1950,True,True,False,True
vllm_core_codex-90a1c13f,vllm_core-0048,48,vllm_core,success,codex,Codex,vLLM,135.77748203277588,0,0.0325927734375,2193,50.0,2158,2157,True,True,False,True
vllm_core_codex-90a1c13f,vllm_core-0041,41,vllm_core,success,codex,Codex,vLLM,172.9396574497223,0,166.46266412734985,1,46.0,4,0,True,False,True,False
vllm_core_codex-90a1c13f,vllm_core-0046,46,vllm_core,success,codex,Codex,vLLM,170.6759078502655,0,0.0575251579284668,2,88.0,2911,2909,True,True,False,True
vllm_core_codex-90a1c13f,vllm_core-0079,79,vllm_core,success,codex,Codex,vLLM,345.27655601501465,0,0.05498814582824707,4059,64.0,1997,1993,True,True,False,True
vllm_core_codex-90a1c13f,vllm_core-0012,12,vllm_core,success,codex,Codex,vLLM,284.82608675956726,0,268.7390615940094,1,78.0,3,0,True,False,True,False
vllm_core_codex-90a1c13f,vllm_core-0015,15,vllm_core,success,codex,Codex,vLLM,220.13061332702637,0,205.5742723941803,1,57.0,3,0,True,False,True,False
vllm_core_codex-90a1c13f,vllm_core-0023,23,vllm_core,success,codex,Codex,vLLM,190.49444961547852,0,164.43690061569214,1,95.0,3,0,True,False,True,False
vllm_core_codex-90a1c13f,vllm_core-0024,24,vllm_core,success,codex,Codex,vLLM,230.48910284042358,0,219.59084749221802,1,96.0,3,0,True,False,True,False
vllm_core_codex-90a1c13f,vllm_core-0094,94,vllm_core,success,codex,Codex,vLLM,143.2145640850067,0,0.016215801239013672,2,87.0,1340,1339,True,True,False,True
vllm_core_codex-90a1c13f,vllm_core-0060,60,vllm_core,success,codex,Codex,vLLM,170.56199479103088,0,0.033614397048950195,3,177.0,2756,2755,True,True,False,True
vllm_core_codex-90a1c13f,vllm_core-0058,58,vllm_core,success,codex,Codex,vLLM,234.890775680542,0,0.08616018295288086,6228,124.0,2976,2970,True,True,False,True
vllm_core_codex-90a1c13f,vllm_core-0067,67,vllm_core,success,codex,Codex,vLLM,244.66265273094177,0,0.02236199378967285,2,69.0,2381,2374,True,True,False,True
vllm_core_codex-90a1c13f,vllm_core-0093,93,vllm_core,success,codex,Codex,vLLM,215.45721817016602,0,0.014659404754638672,610,27.0,1121,1119,True,True,False,True
vllm_core_codex-90a1c13f,vllm_core-0051,51,vllm_core,success,codex,Codex,vLLM,122.50153470039368,0,0.008205413818359375,3,72.0,790,789,True,True,False,True
vllm_core_codex-90a1c13f,vllm_core-0069,69,vllm_core,success,codex,Codex,vLLM,213.6174795627594,0,0.03393888473510742,4,64.0,1798,1797,True,True,False,True
vllm_core_codex-90a1c13f,vllm_core-0056,56,vllm_core,success,codex,Codex,vLLM,303.9728512763977,0,0.0045468807220458984,62,42.0,166,162,True,True,False,True
vllm_core_codex-90a1c13f,vllm_core-0002,2,vllm_core,success,codex,Codex,vLLM,204.90182280540466,0,184.5428249835968,1,12.0,3,0,True,False,True,False
vllm_core_codex-90a1c13f,vllm_core-0005,5,vllm_core,success,codex,Codex,vLLM,284.2462332248688,0,0.06378531455993652,4702,89.0,2174,2168,True,True,False,True
vllm_core_codex-90a1c13f,vllm_core-0033,33,vllm_core,success,codex,Codex,vLLM,228.13507843017578,0,208.57879734039307,1,64.0,5,0,True,False,True,False
vllm_core_codex-90a1c13f,vllm_core-0034,34,vllm_core,success,codex,Codex,vLLM,211.65091967582703,0,203.5439190864563,1,24.0,3,0,True,False,True,False
vllm_core_codex-90a1c13f,vllm_core-0068,68,vllm_core,success,codex,Codex,vLLM,156.89472937583923,0,0.06446433067321777,4800,207.0,2315,2311,True,True,False,True
vllm_core_codex-90a1c13f,vllm_core-0057,57,vllm_core,success,codex,Codex,vLLM,321.0942335128784,0,0.03644371032714844,2502,66.0,2334,2331,True,True,False,True
vllm_core_codex-90a1c13f,vllm_core-0050,50,vllm_core,success,codex,Codex,vLLM,230.70230221748352,0,0.0031890869140625,2,121.0,162,153,True,True,False,True
vllm_core_codex-90a1c13f,vllm_core-0059,59,vllm_core,success,codex,Codex,vLLM,109.84478569030762,0,0.03635764122009277,2,156.0,1984,1982,True,True,False,True
vllm_core_codex-90a1c13f,vllm_core-0092,92,vllm_core,success,codex,Codex,vLLM,173.6050477027893,0,145.16916275024414,1,234.0,2645,2643,True,False,False,True
vllm_core_codex-90a1c13f,vllm_core-0066,66,vllm_core,success,codex,Codex,vLLM,214.63195991516113,0,0.010568857192993164,408,32.0,929,927,True,True,False,True
vllm_core_codex-90a1c13f,vllm_core-0061,61,vllm_core,success,codex,Codex,vLLM,212.7955183982849,0,0.02442145347595215,2,111.0,2392,2391,True,True,False,True
vllm_core_codex-90a1c13f,vllm_core-0095,95,vllm_core,success,codex,Codex,vLLM,168.8340826034546,0,0.017325401306152344,852,70.0,1578,1575,True,True,False,True
vllm_core_codex-90a1c13f,vllm_core-0035,35,vllm_core,success,codex,Codex,vLLM,130.98017644882202,0,102.26327753067017,1,22.0,1,0,True,False,True,False
vllm_core_codex-90a1c13f,vllm_core-0032,32,vllm_core,success,codex,Codex,vLLM,136.36968278884888,0,125.34395599365234,1,41.0,3,0,True,False,True,False
vllm_core_codex-90a1c13f,vllm_core-0004,4,vllm_core,success,codex,Codex,vLLM,154.38183975219727,0,0.03958439826965332,2,113.0,1950,1949,True,True,False,True
vllm_core_codex-90a1c13f,vllm_core-0003,3,vllm_core,success,codex,Codex,vLLM,171.56537652015686,0,0.028430938720703125,2,62.0,2579,2576,True,True,False,True
vllm_core_codex-90a1c13f,vllm_core-0021,21,vllm_core,success,codex,Codex,vLLM,152.13574314117432,0,118.31403708457947,1,36.0,1,0,True,False,True,False
vllm_core_codex-90a1c13f,vllm_core-0019,19,vllm_core,success,codex,Codex,vLLM,166.9321587085724,0,157.42757201194763,1,92.0,3,0,True,False,True,False
vllm_core_codex-90a1c13f,vllm_core-0026,26,vllm_core,success,codex,Codex,vLLM,107.61147117614746,0,101.27308177947998,1,29.0,1,0,True,False,True,False
vllm_core_codex-90a1c13f,vllm_core-0010,10,vllm_core,success,codex,Codex,vLLM,115.25847959518433,0,103.29196095466614,1,37.0,1,0,True,False,True,False
vllm_core_codex-90a1c13f,vllm_core-0028,28,vllm_core,success,codex,Codex,vLLM,147.584623336792,0,136.39060997962952,1,54.0,3,0,True,False,True,False
vllm_core_codex-90a1c13f,vllm_core-0017,17,vllm_core,success,codex,Codex,vLLM,112.25824689865112,0,98.26888108253479,1,15.0,2,0,True,False,True,False
vllm_core_codex-90a1c13f,vllm_core-0043,43,vllm_core,success,codex,Codex,vLLM,143.0279290676117,0,117.31244325637817,1,91.0,1,0,True,False,True,False
vllm_core_codex-90a1c13f,vllm_core-0088,88,vllm_core,success,codex,Codex,vLLM,143.6947627067566,0,0.02438497543334961,1472,326.0,2107,2106,True,True,False,True
vllm_core_codex-90a1c13f,vllm_core-0044,44,vllm_core,success,codex,Codex,vLLM,264.54400610923767,0,0.009259462356567383,2,88.0,751,748,True,True,False,True
vllm_core_codex-90a1c13f,vllm_core-0086,86,vllm_core,success,codex,Codex,vLLM,236.2103521823883,0,0.01951432228088379,3,100.0,1107,1098,True,True,False,True
vllm_core_codex-90a1c13f,vllm_core-0072,72,vllm_core,success,codex,Codex,vLLM,202.65358233451843,0,0.009270191192626953,2,68.0,1149,1147,True,True,False,True
vllm_core_codex-90a1c13f,vllm_core-0075,75,vllm_core,success,codex,Codex,vLLM,163.7239851951599,0,0.015233516693115234,843,139.0,454,451,True,True,False,True
vllm_core_codex-90a1c13f,vllm_core-0081,81,vllm_core,success,codex,Codex,vLLM,157.54653120040894,0,0.018474102020263672,2,53.0,2086,2083,True,True,False,True
vllm_core_codex-90a1c13f,vllm_core-0029,29,vllm_core,success,codex,Codex,vLLM,112.73633122444153,0,99.26349329948425,1,28.0,1,0,True,False,True,False
vllm_core_codex-90a1c13f,vllm_core-0016,16,vllm_core,success,codex,Codex,vLLM,191.50046610832214,0,176.50000095367432,1,73.0,4,0,True,False,True,False
vllm_core_codex-90a1c13f,vllm_core-0011,11,vllm_core,success,codex,Codex,vLLM,163.76050972938538,0,149.3996651172638,1,23.0,2,0,True,False,True,False
vllm_core_codex-90a1c13f,vllm_core-0018,18,vllm_core,success,codex,Codex,vLLM,203.28381824493408,0,185.49505972862244,1,118.0,1,0,True,False,True,False
vllm_core_codex-90a1c13f,vllm_core-0027,27,vllm_core,success,codex,Codex,vLLM,289.9479365348816,0,282.79888367652893,1,59.0,4,0,True,False,True,False
vllm_core_codex-90a1c13f,vllm_core-0020,20,vllm_core,success,codex,Codex,vLLM,515.1231503486633,0,497.1712703704834,1,47.0,2,0,True,False,True,False
vllm_core_codex-90a1c13f,vllm_core-0080,80,vllm_core,success,codex,Codex,vLLM,121.23331451416016,0,0.10043144226074219,7755,486.0,2737,2735,True,True,False,True
vllm_core_codex-90a1c13f,vllm_core-0074,74,vllm_core,success,codex,Codex,vLLM,284.32831835746765,0,0.046666622161865234,2,180.0,2840,2831,True,True,False,True
vllm_core_codex-90a1c13f,vllm_core-0073,73,vllm_core,success,codex,Codex,vLLM,207.4063549041748,0,0.05772805213928223,4237,65.0,2039,2035,True,True,False,True
vllm_core_codex-90a1c13f,vllm_core-0087,87,vllm_core,success,codex,Codex,vLLM,130.53592467308044,0,0.02186417579650879,1201,273.0,1995,1991,True,True,False,True
vllm_core_codex-90a1c13f,vllm_core-0045,45,vllm_core,success,codex,Codex,vLLM,128.10397863388062,0,0.03853273391723633,2,497.0,2821,2817,True,True,False,True
vllm_core_codex-90a1c13f,vllm_core-0042,42,vllm_core,success,codex,Codex,vLLM,162.31867170333862,0,0.06544208526611328,4760,181.0,2843,2842,True,True,False,True
vllm_core_codex-90a1c13f,vllm_core-0089,89,vllm_core,success,codex,Codex,vLLM,329.91802430152893,0,0.03784632682800293,3,35.0,2855,2849,True,True,False,True
